url;title;content
https://www.donga.com/news/Health/article/all/20230920/121274013/1;10명 중 1명이 날벼락…온가족 무너뜨리는 치매 피해가려면 ;“내가 여기 뭐 사러 왔지? 분명히 뭐 하나가 빠졌는데 기억이 안 나네… 혹시 나, 치매인가?”무언가가 기억이 잘 안 날 때면 ‘혹시 나도 치매인가’라는 생각을 한 번쯤 해본 적이 있을 것이다. 그만큼 치매라는 질환은 전 세계인 모두가 두려워하는 무서운 존재다. 그도 그럴 것이 의학 기술이 과거와는 비교할 수 없을 정도로 발전했음에도, 치매를 완전히 없앨 치료제는 아직 없기 때문이다. 치매는 후천적으로 기억, 언어, 판단력 등 여러 영역의 인지 기능이 감소해 일상생활을 제대로 수행하지 못하는 질환을 말한다. 그런데 여기서 우리가 흔히 말하는 치매는 보통 알츠하이머형 치매를 의미한다. 알츠하이머형 치매는 65세 이후에서 가장 흔하게 발생하는 신경퇴행성 치매인데, 우리나라 치매 환자의 50~60%가 이 알츠하이머형 치매를 앓고 있다. 1907년 독일의 정신과 의사 알로이스 알츠하이머(Alois Alzheimer) 박사가 최초 보고해 이름이 붙게 된 알츠하이머형 치매는 전 세계가 그만큼 극복하고 싶어 하는 질환으로, 세계보건기구(WHO)와 국제알츠하이머협회(ADI)가 9월 21일을 ‘세계 알츠하이머의 날’로 정하기도 했다. 우리나라도 같은 날을 ‘치매극복의 날’로 정해 매년 인식 개선을 위한 캠페인 등을 펼치고 있다.하지만 안타깝게도 치매 환자는 계속해서 늘어나고 있는 실정이다. 중앙치매센터에 따르면 65세 이상 치매 환자 수는 2016년 약 66만명에서 2021년 약 88만명, 지난해 약 93만5086명으로 빠르게 증가했다. 65세 이상 인구(약 950만명)의 약 10%가 치매로 고통 받고 있다는 의미다.임재성 서울아산병원 신경과 교수는 “알츠하이머형 치매는 매우 서서히 발병해 점진적으로 진행되는 경과가 특징”이라며 “주된 증상으로는 기억 장애, 지남력(指南力) 장애, 주의력 장애, 언어 장애, 시공간 파악 기능 장애, 전두엽 수행능력 장애 등과 같은 신경인지기능 이상이 있다”고 설명했다.하지만 치매는 노인들에게만 찾아오는 질환이 아니다. 국회 보건복지위원회 소속 김민석 더불어민주당 의원이 보건복지부로부터 제출받은 자료에 따르면 65세가 되지 않았음에도 치매 진료를 받은 환자는 지난해 2만405명으로 나타났다. 올해 들어 7월까지 진료를 받은 환자도 1만6332명에 달했다. 지난 1월 국제학술지 알츠하이머병저널에는 중국인이 17세부터 기억력 감퇴를 겪기 시작해 19세에 알츠하이머 진단을 받았다는 사례가 소개되기도 했다. 퇴행성 뇌질환이라는 이유로 고령층에서만 발생하는 질환으로 인식해서는 안 된다는 이야기다. 임 교수는 “최근 연구에 따르면 40대, 심지어는 그 이전부터 치매의 과정이 시작된다고 알려져 있다”며 “청소년기부터 각 시기에 적절한 위험인자 관리가 필요한데, 이를 통해 치매를 절반 가까이 예방할 수 있다고 보고돼 있다”고 설명했다.먼저, 치매 전조 단계인 경도인지장애는 기억력만 떨어져 있을 뿐 아직 모든 일상생활을 스스로 독립적으로 할 수 있는 상태다. 다양한 원인이 있지만 그중에서도 알츠하이머병 때문에 발생하는 경도인지장애는 치매로 악화될 가능성이 높다. 우울증 역시 경도인지장애의 원인이 될 수 있는데 전문 치료상담을 통해 적절한 치료를 받으면 치매로 발전하지 않을 수 있다.알츠하이머형 치매 초기 단계에 접어들면, 우울증 등 기분장애가 동반되는 경우 별일 아닌 것에 쉽게 화를 내는 등의 감정변화를 보이기도 한다. 병이 점차 진행하면 사실이 아닌 것을 사실로 믿는 망상, 헛것을 보는 환각, 음식이나 돈에 대한 집착, 특정 물건들을 주워오는 행동변화 등이 발생할 수 있다. 알츠하이머형 치매는 병의 근간을 없애는 약이 아직 개발되지 않아 중증화를 막는 것이 유일한 치료다. 이 때문에 조기에 발견하고 치료를 시작해 중증 치매로 악화하는 것을 막는 것이 무엇보다 중요하다. 임 교수는 “병을 없앨 수는 없지만 조기에 발견해 치료를 시작하면 중증 치매로 악화되는 것을 막아 독립적인 생활이 가능한 시기를 연장할 수 있다”며 “약물치료가 주된 방법이지만 그 외에도 고혈압, 당뇨병, 흡연, 심장질환 등 위험인자를 잘 조절하는 것이 인지기능 저하를 막는 데 도움이 된다”고 말했다. 이어 “최근 알츠하이머병의 원인물질을 제거하는 새로운 치료법이 개발돼 미국 식품의약품안전국(FDA)에서 승인을 받았지만 여전히 효과가 제한적이어서 다른 약물들에 대한 임상시험들도 활발하게 이루어지고 있다”며 “향후 5~10년 이내로 알츠하이머 치매의 진단과 치료 방향에 큰 혁신이 있을 것으로 기대하고 있다”고 말했다.그럼에도 중요한 것은 예방이다. 가장 발병률이 높은 노년기에는 사회적으로 고립되는 것이나 우울증을 피해야 한다. 지난 7월 미국신경학회(AAN) 학술지 ‘뉴롤로지’(Neurology) 온라인판에 게재된 일본 규슈대학교 연구팀의 연구 결과에 따르면 사회적 접촉이 거의 없는 노인은 접촉이 많은 사람보다 치매에 영향을 받는 뇌 영역 전반에서 용적 손실이 나타날 가능성이 크다는 사실이 밝혀졌다.또 꾸준한 운동도 중요하다. 한림대학교동탄성심병원 정신건강의학과 연구팀은 최근 ‘신체적으로 건강한 노인에서 중년의 고강도 걷기와 기억과의 연관성’ 연구에서 40세 이상 중년층부터 고강도의 걷기 운동을 하면 알츠하이머병을 예방할 수 있다는 사실을 알아내기도 했다.임 교수는 “나이가 들면서 기억력이 떨어지는 것은 당연하지만 매일매일 심해져 일상생활에 지장이 있을 정도라면 치매를 의심하고 조기에 병원을 찾아 전문의의 진단을 받는 것이 좋다”고 조언했다.(서울=뉴스1)
https://www.donga.com/news/Health/article/all/20230920/121272189/1;칫솔질이 중요한 이유…“꼭꼭 잘 씹으면 뇌가 덜 늙는다” ;매년 9월21일은 세계보건기구(WHO)와 국제알츠하이머협회(ADI)가 치매 관리의 중요성을 널리 알리기 위해 지정한 ‘세계 알츠하이머의 날’이다. 우리나라에서는 같은 날을 ‘치매극복의 날’로 지정했다. 치아를 건강하게 관리하는 것도 치매를 예방하는 방법 중 하나다. 20일 의료계에 따르면 우리가 음식물을 씹을 때마다 치아와 치조골 사이에 있는 치주 인대에 압력이 가해지고, 치주 인대에 있는 혈관을 통해 뇌로 혈액이 공급된다. 씹는 행위는 음식물을 잘게 부숴 소화를 돕는 기능뿐 아니라 뇌에 혈액을 공급해 뇌 기능도 활성화시키는 것이다.일본의 손꼽히는 신경내과·치매질환 전문의인 하세가와 요시야도 ‘뇌 노화를 막으려면 35세부터 치아 관리 습관을 바꿔라’는 책에서 “20만 명 이상의 치매 환자를 치료하면서 치아 건강과 뇌 노화가 밀접한 관련이 있다는 것을 깨달았다”고 밝혔다. 치매 진료에 치과 위생사가 실시하는 구강 관리를 적극 활용해 성과를 거뒀다고 소개했다.건강한 뇌를 지키기 위한 치아 관리 습관으로는 올바른 칫솔질이 꼽힌다. 건강보험심사평가원의 2020년 통계를 보면 국내 치주질환자는 1627만 명으로, 국민 3명 중 1명꼴이다. 특히 40세 이후 노화로 면역력이 저하되면서 치주질환이 증가한다. 나이가 들어 잇몸에 염증이 생기면 젊을 때보다 면역력이 떨어져 회복 속도가 세균의 증식 속도를 따라가지 못해 치주염이 진행된다.박소연 서울아산병원 소아치과 조교수는 “중년 이후에는 대개 치주질환이 있고 잇몸이 헐거워져 잇몸을 마사지하고 잇몸과 치아 사이를 깨끗하게 해주는 ‘바스(Bass)법’을 추천한다”면서 “칫솔모를 잇몸 선에 댄 후 손을 떨 듯 가볍게 진동을 줘 치아와 헐거워진 잇몸 사이의 치태까지 효과적으로 제거하는 방법”이라고 말했다. 대한구강보건협회는 칫솔모를 잇몸 선에 45도 각도로 댄 채 제자리에서 5~10회 미세한 진동을 준 뒤(바스법) 손목을 돌리며 칫솔모를 잇몸에서 치아 방향으로 쓸어내리는 (회전법)을 합친 ‘표준잇몸양치법’을 보급하고 있다. ‘0·1·2·3법칙’도 제시했다. 잇몸 자극 없이(0), 식후 1분 이내 , 한 번에 2분 이상, 하루 3번 이상 양치질을 하는 것이다.특히 중년 이후부터는 치실이나 치간 칫솔로 치아 사이를 닦아주는 것이 좋다. 칫솔의 머리가 매우 작은 ‘어금니 칫솔’로 제일 안쪽 어금니의 안쪽 면이나 앞니의 뒷면을 닦으면 치태를 보다 효과적으로 제거할 수 있다. 박 조교수는 “치아를 꼼꼼하게 닦는다 하더라도 치열이나 닦는 습관에 따라 잘 닦이지 않는 부분이 생길 수 있다”며 “뇌의 노화를 멈추고 싶다면 정기적으로 치과를 방문해 평소 양치질이 잘 되고 있는지 검진을 받는 것이 중요하다”고 말했다.[서울=뉴시스]
https://www.donga.com/news/Health/article/all/20230920/121271375/1;한국산 밤꿀 ‘항바이러스 효과’ 확인했다…면역세포 활성 증가 ;한국산 밤꿀의 항바이러스 효과가 과학적으로 확인됐다.한국한의학연구원은 한의기술응용센터 최장기 박사팀이 농촌진흥청과 함께 국산 밤꿀의 항바이러스 효과를 규명했다고 20일 밝혔다.밤꿀은 아까시꿀 생산 이후인 6월 중순께 생산되는 벌꿀로 맛과 향이 강하고 아미노산, 무기질, 비타민 등 다양한 영양 성분이 들어있어 면역력 강화, 천식, 기관지 염증 완화 등의 효과가 있다.또 항균 작용에도 효과가 있고 피로회복, 콜레스테롤 저하, 항암효과, 빈혈 예방 등의 다양한 생리활성 효과가 있다고 알려져 있다. 이번에 연구팀은 오래전부터 전해오던 밤꿀의 효능 확인을 위해 동물실험을 통해 국산 밤꿀의 선천면역 증진 효능을 확인하고 밤꿀에서 바이러스 증식을 억제하는 물질을 밝혀냈다.연구 결과, 면역세포를 이용한 실험에서 밤꿀이 인플루엔자A 바이러스의 감염을 62.2% 억제하는 게 확인됐다.생쥐 동물실험에서 국산 밤꿀을 투여하면 바이러스 감염에 의한 체중 감소 후 17.3%가량이 회복됐고 생존율은 60% 증가하는 것으로 나타났다.또 생쥐의 비장(면역세포 생성 조직)에서 대표적인 면역세포인 NK세포의 활성을 평가한 결과, 밤꿀을 섭취했을 때 NK세포 활성은 4.6배 증가하고 생쥐의 혈청에서 인터페론 베타(IFN-β:선천면역 인자)는 4.3배 증가했다.바이러스 감염 시 생쥐의 폐조직에서 바이러스 단백질의 발현과 염증 반응이 증가하게 되는데, 밤꿀을 섭취한 생쥐는 정상 생쥐와 유사하게 폐조직에서 바이러스 단백질 발현 감소 및 염증 수치도 정상 수준을 유지했다고 연구진은 설명했다.이는 밤꿀이 선천면역인자와 면역세포의 활성을 증가시켜 면역력을 높이고 바이러스에 의한 염증 반응을 억제해 항바이러스 효과를 갖는다는 의미다.특히 연구팀은 밤꿀 속의 ‘키누렌산’이 면역력을 향상 시킨다는 것도 밝혀냈다. 키누렌산(kynurenic acid)은 밤꿀에 매우 높은 함량으로 존재(1㎏당 1168㎎), 헛개나무꿀(166.4㎎/kg)을 제외한 다른 밀원에서는 거의 검출되지 않는다. 이로 키누렌산이 밤꿀 지표 물질로 활용 가능할 것으로 기대된다.이번 연구성과는 국제 전문학술지 ‘Frontiers in Immunology’(프론티어스 인 이뮤놀로지, IF 7.3)에 지난달 22일 게재됐다.(논문명:Castanea crenata honey reduces influenza infection by activating the innate immune response)최장기 박사는 “이번 연구로 국산 밤꿀의 우수성을 과학적으로 입증했다”며 “이를 기반으로 국산 밤꿀을 일반 식품은 물론 건강기능식품, 의약품 산업의 고부가가치 소재로 활용할 가능성이 열려 양봉농가에 도움이 되길 바란다”고 말했다.[대전=뉴시스]
https://www.donga.com/news/Health/article/all/20230920/121266508/1;[전문가 칼럼]황금연휴, 한 듯 안 한 듯 자연스럽게 예뻐지고 싶다면? ;심병관 페이지랩의원 인천부평점 원장추석이 며칠 앞으로 다가왔다. 특히 이번 추석은 10월 2일이 대체 공휴일로 지정됨에 따라 공식 연휴만 6일에다 연휴 앞이나 뒤로 3일 연차를 쓰면 최장 12일까지 쉴 수 있는 황금연휴가 예정되어 있다. 황금연휴가 다가올 때면 미용시술 수요가 증가하면서 피부과나 성형외과는 문전성시를 이루는데 이번 추석 역시 시술 후 멍이나 부기 같은 다운타임이 부담스러웠던 직장인들이 필러, 보툴리눔 톡신, 리프팅 등의 미용시술을 많이 받을 것이 예상된다. 최근 미용시술의 스테디셀러로는 필러가 대표적이다. 필러는 노화로 인한 주름 및 꺼진 부위를 개선하거나 볼륨을 더하고 싶을 때 인체에 해가 없는 성분을 주사하는 시술로 최근에는 수정이 가능하고 안전한 히알루론산을 많이 이용한다. 예전만 해도 볼륨 증대를 위해서는 지방이식이나 수술 등이 대표적 선택지였으나 필러의 등장으로 간단한 시술만으로 볼륨 개선이 가능해졌다.필러 시술은 시술 시간이 대부분 1시간 이내로 짧고, 별도의 회복 기간 없이 바로 효과가 나는 것이 큰 장점으로 최근에는 주름 개선 외에도 전체적 이미지 개선을 위해 필러 시술은 받는 20~30대가 증가하며 시술 연령대가 점차 낮아지고 있다. 필러 시술 추세는 나이에 따라 상이한데 중장년층의 경우 노화로 인한 볼륨 손실의 보충 및 주름, 젊은 층에서는 얼굴 전체에 볼륨을 부여하는 시술이 특히 인기가 높다. 그 외 목주름 필러와 같은 시술은 나이에 크게 구애받지 않고 꾸준히 시술이 늘고 있다.인체는 20대 중반 이후 노화가 시작되는데 피부의 경우 지방 볼륨이 줄어들며 동시에 콜라젠 감소로 인해 피부 탄력이 떨어져 주름 및 굴곡이 생기는 현상이 발생한다. 이를 개선하기 위해서는 지방의 위축이 일어난 부위를 채워 굴곡을 줄이는 한편 새로운 콜라젠의 합성을 도와 매끈한 피부를 만드는 것이 필요하다.목 피부는 피하 지방층이 적고 피지선이 발달하지 않아 건조해지기 쉬워 주름이 특히 잘 생기는 부위이다. 굵게 자리 잡은 목주름은 자연적인 치유가 어려울뿐더러 노안으로 보이게 해 많은 사람이 개선하고픈 대표적 부위이다. 목 필러는 파인 주름을 따라 묽은 성상의 필러를 소량씩 한 땀 한 땀 주입하는 방식으로 진행되는데 시술 시 통증이 적고 보통 3~4일 후면 회복할 수 있다. 풀페이스 시술은 얼굴 전체에 볼륨을 부여함으로써 얼굴을 좀 더 입체적이고 작아 보이게 하는 시술이다. 볼륨이 부족한 단일 부위만을 시술하게 되면 전체적 조화가 깨져 시술 만족도가 떨어지는 경우가 많았다. 이에 풀페이스 시술은 볼륨이 필요한 부위를 중심으로 주변 부위를 연결 시술해 단점도 개선하고 전체적인 균형감도 살리는 효과를 준다. 보통 이마, 관자놀이, 앞 볼, 팔자주름을 연결하는 시술이 일반적인데 개인별 얼굴 특성에 맞춰 한 듯 안 한 듯 자연스러운 효과를 연출하는 것이 최근 추세다.멀츠의 필러 브랜드 벨로테로는 제형에 따라 4가지 라인(소프트, 밸런스, 인텐스, 볼륨)으로 구분돼 목주름, 풀페이스 시술 시 모두 사용할 수 있는 제품이다. 스위스에서 특허받은 CPM공법으로 제조된 벨로테로는 한 제품에 다양한 밀도가 분포한다. 이에 저밀도 필러의 피부 밀착력과 자연스러움, 고밀도 필러의 볼륨마이징 및 지속력 등의 효과를 동시에 얻을 수 있다.목 필러 시술에는 벨로테로 라인 중 가장 무른 제형을 가진 소프트가 주로 사용되는데 다운타임이 짧고 이물감이 적어 시술 후 환자들의 만족도가 매우 높다. 이와 반대로 이마, 볼, 팔자주름 등의 풀 페이스 시술에는 가장 단단한 볼륨 라인이 일반적이다. ‘볼륨 부스터’라는 별칭이 있을 정도로 뛰어난 볼륨감을 비롯해 탄성 및 조형성을 갖춘 이 제품은 벨로테로 전 제품 중 가장 인기가 많은 라인으로 꼽힌다.16년 동안 필러 시술을 해온 의료진의 입장에서 필러는 간편하고 안전한 시술이지만, 몸에 이물질을 주입하는 만큼 부작용에서 완전히 자유롭기는 어렵다. 또한 지나친 과욕은 안한히만 못 한 결과를 가져올 수도 있다. 이에 이번 추석 필러 시술을 염두에 두고 있다면 의료진과의 충분한 상담을 통해 과도한 욕심은 내려놓고 내게 맞는 시술법과 부위 등을 꼼꼼히 따져보고 진행하는 것을 추천한다.심병관 페이지랩의원 인천부평점 원장
https://www.donga.com/news/Health/article/all/20230920/121267162/1;“임신성 당뇨 겪은 여성, ‘이것’ 있으면 당뇨병 6배 높아” ;과거 임신성 당뇨(당뇨병이 없던 사람이 임신 20주 이후 당뇨병이 처음 발견되는 경우) 병력이 있는 여성이 비알콜성 지방간이 있으면 제2형(성인) 당뇨병 발생 위험이 높아진다는 연구 결과가 나왔다. 성균관의대 강북삼성병원 서울건진센터 조유선 교수·데이터관리센터 류승호, 장유수 교수 연구팀은 2015~2019년 사이에 건강검진을 받은 성인 여성 중 한 번 이상의 출산력이 있는 여성 14만여 명을 3.9년간 추적 관찰한 결과 이 같이 확인됐다고 20일 밝혔다. 연구팀은 연구 대상자들을 과거 임신성 당뇨 병력 및 지방간 유무에 따라 ▲임신성 당뇨병 과거력이 없고 지방간 현 병력이 없는 그룹 ▲임신성 당뇨병 과거력만 있는 그룹 ▲지방간 현 병력만 있는 그룹 ▲임신성 당뇨병 과거력과 지방간 현 병력 모두 있는 그룹으로 나누었다. 그 결과, 임신성 당뇨병 과거력 및 지방간 현 병력이 모두 없는 그룹과 비교했을 때 ▲임신성 당뇨병 과거력만 있는 그룹에는 제2형 당뇨병 발생 위험이 2.61배 ▲지방간 병력만 있는 그룹에서는 제2형 당뇨병 발생 위험이 2.26배 ▲임신성 당뇨병 과거력과 지방간 병력이 모두 있는 그룹에서는 제2형 당뇨병 발생 위험이 6.45배 높았다. 조 교수는 “이번 연구를 통해 제2형 당뇨병 발생 위험에 있어 임신성 당뇨 병력과 지방간 병력이 상호작용 한다는 것을 확인했다”며 “임신성 당뇨 병력이 있는 여성 중 추후 제2형 당뇨병으로 진행할 위험이 특히 높은 취약 군을 정의할 때, 현재 지방간 유무를 선별하는 것이 도움이 될 수 있다”고 밝혔다. 이어 “임신성 당뇨 병력이 있는 여성은 추후 제2형 당뇨병 발생을 예방하기 위해 건강한 체중을 유지하고 신체활동을 늘리며 과다한 당분 섭취를 제한하는 등 지방간 관리에 주의를 기울여야 한다”고 말했다. 이번 연구 결과는 세계적인 역학 학술지인 ‘유러피안 저널 오브 에피데미올로지(European journal of epidemiology)’에 실렸다.[서울=뉴시스]
https://www.donga.com/news/Health/article/all/20230920/121262029/1;오늘부터 독감 무료 예방접종… 아동 → 임신부 → 고령자 순 ;인플루엔자(독감) 유행주의보가 전례 없이 1년 넘게 이어지는 가운데 고위험군 대상 무료 예방접종이 20일 시작된다. 19일 질병관리청에 따르면 2023∼2024절기 독감 국가예방접종은 20일 어린이부터 시작된다. 생후 6개월부터 9세 사이면서 독감 예방접종을 한 번도 맞지 않은 어린이(2회 접종) 또는 올해 6월 30일까지 백신을 한 번만 접종한 어린이가 대상이다. 13세 이하 어린이, 임신부는 다음 달 5일부터 무료 접종이 시작된다. 어린이 중 계란 아나필락시스(과민반응) 또는 중증 계란 알레르기가 있는 경우는 유정란 기반 백신이 아닌 세포 배양 백신을 접종할 수 있다. 고령자 접종은 65세 이상, 즉 1958년 또는 그 이전 출생자가 대상인데 연령에 따라 접종 시작 시점이 다르다. 75세 이상은 내달 11일부터, 70∼74세는 내달 16일부터, 65∼69세는 내달 19일부터다. 무료 접종 종료 시점은 모두 내년 4월 30일이다. 접종은 전국 2만 곳 지정의료기관이나 보건소에서 가능하다. 주소지 근처가 아니어도 된다. 단, 접종하러 갈 때는 신분증을 지참해야 한다. 어린이는 주민등록등본이나 국민건강보험증, 임신부는 산모수첩 등을 가져가야 한다.이지운 기자 easy@donga.com
https://www.donga.com/news/Health/article/all/20230919/121261698/1;적은 데이터로도… AI가 다양한 신약 구조 생성 ;국내 연구진이 신약 구조를 생성해주는 인공지능(AI) 모델을 개발했다. 19일 광주과학기술원(GIST)은 남호정 전기전자컴퓨터공학부 교수팀이 약물 효과를 최적화한 저분자 화합물 구조를 만들어주는 생성형 AI 모델을 개발했다고 밝혔다.  신약 개발은 신약의 뼈대가 되는 선도물질을 발굴한 뒤 약효는 높이고 부작용은 낮출 수 있도록 구조를 최적화하는 순으로 진행돼 왔다. 최적화 작업에만 수개월이 걸리는데 이번에 개발된 AI 모델을 이용하면 이를 수주일로 줄일 수 있다.  신약의 경우 AI가 학습할 수 있는 임상 데이터가 적어 AI가 매번 유사한 구조의 생성물을 내놓는다는 단점이 있었다. 남 교수팀이 개발한 AI 모델은 적은 데이터로도 다양한 화합물 구조를 탐색할 수 있도록 새로운 훈련 알고리즘을 제안했다. 그 결과 기존 데이터에 있던 분자와는 유사성이 낮은 새로운 구조를 생성했다. 남 교수는 “데이터가 한정된 상황에서도 고품질의 신규 분자 구조를 제안하는 것이 가능하다”고 했다. 최지원 기자 jwchoi@donga.com
https://www.donga.com/news/Health/article/all/20230919/121261651/1;“구내염, 증상별로 치료제 달라요” ;동국제약은 19일 ‘구내염 바로 알기 캠페인’을 서울 중구의 한 호텔에서 진행했다. 동국제약은 구내염의 원인과 증상에 따라 치료제를 선택할 수 있는 액상, 연고, 정제형 등의 제품을 전시했다. 이훈구 기자 ufo@donga.com
https://www.donga.com/news/Health/article/all/20230919/121250413/1;“중년 남성 배뇨문제는 무조건 전립샘 때문? 증상마다 원인 달라요” ;《‘갑자기 소변이 마려워진다’ ‘한번 마렵다고 느끼면 도저히 참을 수가 없다’ 흔히 절박뇨 또는 급박뇨로 불리는 이런 증상은 중장년 남성이 흔히 겪는 배뇨 문제다. 그런데 중장년 남자의 배뇨 문제는 전립샘비대 때문으로 알고 있다. 전립샘 건강을 관리하고 있는 데도 이렇게 갑자기 소변이 마렵거나 참기 힘들 때가 생긴다면 왜 그럴까? 이유는 간단하다. 절박뇨는 전립샘비대로 인한 증상이 아니기 때문이다.》과민성 방광은 방광 기능이 예민해져 발생흔히 남자의 배뇨 문제는 전립샘비대 때문으로 알고 있다. 하지만 실제로는 증상에 따라 원인이 다르기 때문에 이를 명확히 알아야 제대로 관리할 수 있다. 중장년 남성들의 배뇨 문제를 증상별로 구분하면 갑자기 소변이 마렵고 참기 힘든 절박뇨, 소변은 마려운데 잘 나오지 않고 찔끔찔끔 나오는 배뇨 지연, 소변을 봐도 다 나오지 않고 남아 있는 듯한 잔뇨감, 소변을 자주 보는 빈뇨, 잠자는 중에 소변이 마려운 야간뇨 등이 있다. 이 중 절박뇨는 전립샘비대가 아닌 과민성 방광 때문이다. 배뇨 지연이나 잔뇨감은 전립샘비대 때문에 생긴다. 빈뇨나 야간뇨는 과민성 방광으로도 전립샘비대로도 생길 수 있다.  과민성 방광은 방광 기능이 비정상적으로 예민해져 소변이 조금만 차도 참지 못하는 질환이다. 나이가 들수록 많이 발생하며 남성과 여성의 발생 빈도는 비슷하다. 과민성 방광의 대표적인 증상은 절박뇨다. 갑자기 강한 요의를 느껴 소변을 참지 못하게 되는 것으로 심하면 소변을 지리는 요실금 증상까지 동반한다. 정상적인 방광이라면 150㏄ 정도의 소변이 차면 요의를 느끼고 300∼400㏄가 차면 배출하게 된다. 하지만 과민성 방광은 50∼100㏄만 차도 참지 못한다. 하루 한 번 이상 절박뇨 증상이 나타나면 과민성 방광으로 봐야 한다. 과민성 방광은 예민한 방광으로 인해 요의를 자주 느끼게 되므로 빈뇨, 야간뇨 증상도 함께 나타난다.예민한 방광엔 호박씨 추출물 등 복합물 도움 돼‘호박씨 추출물 등 복합물’은 방광의 배뇨 기능 개선에 도움을 줄 수 있는 배뇨 건강 기능성 원료다. 페포호박이라는 특수종 호박씨에서 추출한 피로갈롤 성분과 대두 배아에서 추출한 대두 이소플라본 배당체 성분이 복합된 원료다. 식약처에서 배뇨 건강 기능성을 인정받은 호박씨 추출물 등 복합물은 예민한 방광을 이완시켜 배뇨 불편을 개선하는 효과가 있다. 기능성 관련 연구 결과를 보면 과민성 방광 증상이 있는 만 35∼70세 성인 180명을 대상으로 12주간 호박씨 추출물 등 복합물을 섭취하게 한 인체 시험에서 일일 평균 절박뇨 횟수, 일일 평균 배뇨 횟수, 평균 야간 배뇨 횟수가 유의하게 개선됨이 확인됐다. 이외에도 50∼80세의 배뇨 불편 증상이 있는 전립샘비대증 환자를 대상으로 한 연구에서도 호박씨 추출물 등 복합물을 섭취한 환자들이 유의한 개선 효과를 보였다. 페포호박씨 추출물은 쿠쿠르비트종자유엑스라는 이름으로도 불리는데 전립샘비대 증상 개선제로 사용되는 생약 성분이기도 하다. 이렇듯 호박씨 추출물 등 복합물은 쏘팔메토 열매 추출물과 함께 중장년의 배뇨 불편 개선에 좋은 효과를 줄 수 있다.소변이 찔끔 나온다면 전립샘비대증 의심전립샘비대로 인한 배뇨 불편은 과민성 방광으로 인한 증상과는 반대다. 과민성 방광의 대표 증상이 절박뇨라면 전립샘비대의 대표 증상은 소변이 잘 안 나오는 것이다. 전립샘이 정상보다 커지면서 요도를 압박해 요도를 좁게 만들기 때문이다. 소변은 마려운데 잘 안 나오거나 소변이 찔끔찔끔 나오는 배뇨 지연, 소변을 봐도 시원하지 않은 잔뇨감 등은 전립샘비대가 원인이다. 전립샘이 요도를 좁혀 소변을 다 배출하지 못하는 경우가 많기 때문에 소변이 자주 마려운 빈뇨 증상과 야간뇨 증상을 동반한다. 또한 커진 전립샘이 방광을 자극해 예민하게 만들기도 한다. 이렇듯 과민성 방광과 전립샘비대는 동반되는 경우가 많기 때문에 중장년 남성의 배뇨 문제를 개선하기 위해서는 방광 건강과 전립샘 건강을 같이 챙겨야 한다.  전립샘 비대의 첫 번째 원인은 노화다. 전립샘이 정상 기능을 유지하기 위해서는 남성호르몬이 필요한데 노화로 남성호르몬이 감소하면 전립샘의 비정상적인 변화가 나타나게 되는 것이다. 쏘팔메토 열매 추출물은 남성호르몬인 테스토스테론을 증가시켜 주기 때문에 전립샘 건강에 도움을 준다. 테스토스테론은 전립샘 건강뿐 아니라 성기능을 유지하고 근육과 뼈 생성, 동맥경화를 예방하는 등 다양한 역할을 한다. 전립샘 비대의 또 하나의 원인은 DHT(디하이드로테스토스테론)다. 남성호르몬인 테스토스테론이 5-알파 환원효소에 의해 DHT로 변환되는데 DHT는 전립샘비대와 남성형 탈모의 주요 원인으로 알려져 있다. 쏘팔메토 열매 추출물은 DHT를 만들어내는 5-알파 환원효소를 억제하는 효과가 있다. 쏘팔메토 열매 추출물은 5-알파 환원효소의 활성을 억제해 전립샘비대 유발 인자인 DHT를 줄이는 효과를 내기 때문에 결과적으로 전립샘비대증을 개선하는 데 도움이 될 수 있다. 안소희 기자 ash0303@donga.com
https://www.donga.com/news/Health/article/all/20230919/121250278/1;암 환자의 敵은 ‘영양 불량’… 고단백-고영양 식사로 체력 길러야 ;‘암 환자는 암으로 죽기 전에 굶어 죽는다’는 말이 있다. 암 환자의 영양상태는 암과의 싸움에서 승패를 결정짓는다. 하지만 암 환자의 40∼80%는 ‘영양불량’ 상태에 해당된다. 암 환자의 20%는 영양실조로 인해 사망한다는 조사 결과도 있다. 충분한 영양 섭취가 이뤄지지 않으면 아무리 좋은 치료도 허사가 될 수 있다. 균형 잡힌 영양은 체력과 면역력을 키우고 감염과 부작용 위험을 줄인다. 암 환자가 고단백·고영양 식사에 중점을 둬야 하는 이유다.영양 결핍, 치료 효과 감소시키고 감염 위험 높여암 환자의 영양 결핍은 식욕부진, 소화불량, 흡수 불량, 저작 및 연하 곤란 등에 의해 발생한다. 항암 치료 과정에서 구토, 메스꺼움으로 인해 식욕이 떨어져 음식 섭취 자체가 힘들기도 하지만 칼로리를 아무리 보충해도 대사 기능이 제대로 작용하지 않아 전신 영양부족 상태가 되기도 한다.  암세포가 면역반응을 활성화하기 위해 사이토카인을 분비하는데 사이토카인은 환자의 식이조절 메커니즘에 장애를 유발해 식욕부진을 일으키게 된다. 비정상적인 대사 변화를 유발해 체내 지방과 근육을 분해해 에너지로 사용한다. 이에 암 환자는 영양결핍과 체중 감소를 겪게 된다.  이러한 암 환자의 영양결핍, 영양 불량은 조직의 기능과 유지뿐만 아니라 세포의 면역 기능에 영향을 주며 간 기능의 변화로 약물 대사에도 영향을 줄 수 있다. 결과적으로 치료 효과는 감소하고 치료 기간은 연장되며 화학·방사선 요법 등을 잘 견디지 못하고 감염에도 쉽게 노출될 수 있다. 암에 대한 저항력이 떨어져 수술·항암 치료 시 회복 기간이 길어지고 부작용이 심해진다. 따라서 암 환자는 자신의 영양상태를 정확히 파악하고 적극적인 영양 관리를 통해 체력과 면역력 유지에 신경 쓰는 것이 아주 중요하다.단백질, 비타민 D·B6·B12 챙겨야그렇다면 암 환자의 영양 관리에 있어서 중요한 것은 무엇일까. 무엇보다 중요한 것은 ‘균형 잡힌 영양’이다. 암세포를 죽이기 위해 소식·단식을 해야 한다는 건 매우 잘못된 정보다. 잘 먹어야 암을 이기고 항암 치료로 손상된 세포도 빨리 재생될 수 있다. 암세포가 빼앗아 가는 영양분을 충분히 보충해 암과 싸울 수 있는 에너지를 확보해야 한다.  그중에서 우선시되는 건 단백질이다. 단백질은 암이 성장하는 동안 심하게 고갈될 수 있으며 수술·항암·약물·방사선치료로 인해서도 체내 단백질 소모가 많아지기 때문이다. 암 치료 중에 충분한 단백질 식품의 섭취는 치료로 인해 손상된 세포를 복구하고 새로운 조직을 만들어 내므로 평소보다 더 많이 필요로 한다. 암 환자에게 권고되는 단백질 섭취량은 체중 1㎏당 1.2∼1.5g 정도로 일반 성인(0.8∼0.9g)보다 높다. 체중이 60㎏인 암 환자라면 하루에 단백질을 72∼90g 섭취해야 한다.  단백질 섭취를 위해 반찬으로 살코기나 생선, 두부, 계란, 콩 중 한 가지는 매 끼니 꾸준히 섭취하는 것이 좋다. 사골, 설렁탕과 같은 국물 음식보다는 고기나 생선의 건더기를 섭취하는 것이 좋다. 간식으로는 우유, 두유, 요구르트, 치즈 등이 단백질의 급원이 된다.  단백질과 더불어 중요한 것은 ‘식물성 식단’이다. 대한암협회는 여러 색의 채소·과일·콩류를 섭취하는 것이 암 환자에게 바람직한 식이 방법이라고 제시한다. 다채로운 색을 가진 채소·과일은 각기 다른 비타민과 미네랄 등 항산화 물질을 갖고 있어 암 환자의 입맛을 돋울 뿐 아니라 생존과 재발 예방에도 도움이 된다. 예컨대, 녹색인 브로콜리·케일에는 비타민 C와 철분이, 토마토 같은 빨간색 과일·채소엔 라이코펜이란 항산화 물질이, 파랑·보라엔 안토시아닌이 풍부하다.  이처럼 식물에 풍부한 항산화 물질을 파이토케미컬이라고 한다. 암·심혈관질환 등을 유발하는 활성산소에 대항하는 역할을 한다. 실제로 유방암 환자 중 과일, 채소 섭취량이 높은 군이 그렇지 않은 군보다 전체 사망률이 18% 감소했다는 연구 결과가 있다. 버섯·콩류·녹색 채소에는 면역 체계를 활성화하는 비타민 D, B6, B12가 풍부하다. 이들 영양소는 면역과 체력, 신경 기능 유지를 돕는다. 암 환자에게 부족하기 쉬워 챙겨야 하는 미세 영양소이기도 하다. 자궁내막암·대장암 발병과 관련 있다는 연구도 있다.  비타민 D는 면역 시스템을 강화하고 뼈 건강을 유지하는 데 도움이 된다. 주로 햇빛을 통해 체내에서 합성된다. 하지만 암 환자는 햇빛을 쐬기 어려운 경우가 많다. 비타민 B6는 단백질 대사에 관여하고 신경전달물질을 합성하는 여러 역할을 한다. 비타민 B12는 빈혈을 예방하고 신경 기능을 유지하는 역할을 한다. 암 환자는 항암 치료 과정에서 빈혈이 잘 발생한다.식약처, 암 환자용 영양조제식품 신설지속적인 식욕부진, 오심, 구토 등으로 도저히 일반 식사를 통한 영양 섭취가 불가능하다면 쉽게 넘길 수 있는 암 환자용 영양조제식품이 대안이 될 수 있다. 2022년 6월 식품의약품안전처는 ‘암 환자용 특수의료용도식품’ 표준제조기준을 마련했다. 그동안 환자용 식품은 일부 질환에 대해서만 표준제조기준이 마련됐다. 이는 다양한 질환에 특화된 맞춤형 제품을 제공하는 데 한계가 있었다. 하지만 암 환자의 치료, 회복 과정에서 영양 보충에 도움을 줄 수 있는 암 환자 전용 영양조제식품의 기준이 마련되면서 그동안 일반 단백질 음료나 환자식으로 어느 정도 영양을 보충하는 수준에 만족해야 했던 암 환자들이 더 체계적이고 전문적으로 설계된 암 환자용 제품을 선택할 수 있게 됐다. 특히 암 환자용 영양조제식품은 암 환자의 체력을 유지, 보충하고 신속히 회복하는 데 주안점을 두고 암 환자에게 필요한 영양소를 중점적으로 고함량을 담아냈다는 점에서 차별성이 있다.  또한 식약처 기준에 맞는 암 환자용 영양조제식품은 단백질을 기반으로 오메가3 및 다양한 비타민·미네랄로 구성돼 있다. 암 환자들은 항암제와 부작용 때문에 영양 제한이 까다롭고 냄새나 맛에 극도로 민감해 일반식은 대부분 못 먹는다. 이 때문에 ‘암 환자용 영양조제식품 규격’ 신설과 함께 다양한 제품이 출시됐다는 것에 암 환자와 가족은 물론 암 전문가들 또한 반기고 있다. 단, 암 환자용 영양조제식품을 선택할 땐 식약처의 ‘암 환자용 영양조제식품’ 표시를 확인하는 게 좋다. 이는 암 환자에게 필요한 영양소를 충족했다는 의미다. 김신아 기자 sina@donga.co
https://www.donga.com/news/Health/article/all/20230919/121250207/1;“암 환자의 건강한 사회 복귀 위해 함께 걸어요”[바이오헬스케어 소식] ;한국 BMS제약(대표이사 이혜영)이 제8회 BMS ‘세계 환자 주간’을 맞아 14일 전국 각지에서 암 환자를 응원하는 걷기 후원 행사 ‘2023 BMS Steps for Patients’를 진행했다고 18일 밝혔다.  BMS 본사가 주도하고 전 세계 지사가 다 함께 동시에 참여하는 세계 환자 주간은 과학을 통해 환자의 삶을 변화시킨다는 비전 아래 모든 활동의 중심에 환자가 있음을 되새기며 환자를 응원하고자 마련된 캠페인이다. 매년 9월 중 한 주를 환자 주간으로 정하고 있다.  한국 BMS제약은 캠페인의 목적으로 환자를 응원하는 걷기 후원 행사를 개최했다. 성동구 서울숲 공원을 비롯한 전국 5개 지역에서 진행된 이번 행사에는 122명의 한국 BMS 제약 직원이 참여했다. 집계된 누적 걸음 수는 약 122만 보로 이는 환자를 위한 기부금으로 적립됐다.  이 기부금은 직원들이 기부한 물품들과 함께 청년 암 환자의 사회 복귀를 돕는 사회공헌 활동 리부트의 지원금으로 사용될 예정이다. 특히 올해는 한국 BMS제약의 자발적 사내 봉사팀 ‘H2O’가 10주년을 맞이해 더욱 의미 있는 세계 환자 주간을 만들었다. 한국 BMS제약의 사회공헌 활동을 직접 운영하고 기획하는 H2O 팀은 참여자가 다음 참여자를 직접 지목하는 릴레이 형식의 ‘만보 걷기 챌린지’를 비롯해 물품 기부와 사전 모금 행사를 진행했다. 더불어 일부 지원자는 본 행사 직전에 서울숲 일대 쓰레기를 줍는 ‘고 그린 플로깅’ 활동에 참여하며 환자를 생각함과 동시에 환경보호 실천의 의미를 더했다.  한국 BMS제약 이혜영 대표는 “H2O 팀을 포함해 10년 동안 한결같이 환자를 위한 활동에 적극적으로 참여해 준 직원들에게 감사의 인사를 전한다”고 말했다.  이어 “혁신 신약을 제공하는 것에 더해 환자의 어려움에 공감하고 도움을 드리고자 끊임없이 고민하고 방법을 찾는 것이 우리의 환자 중심주의”라며 “앞으로도 환자와 환자 보호자, 암 치료 환경 개선까지 전방위적인 환자 중심주의를 실천하기 위해 최선을 다하겠다”고 덧붙였다.  한국 BMS제약은 환자의 치료에 대한 집중과 보살핌의 의미를 담은 ‘퍼플핸즈’를 주제로 다양한 사회공헌 활동을 전개하고 있다. 퍼플핸즈는 2020년 BMS가 새롭게 선보인 로고로 보살핌을 의미하는 손과 환자를 위한 열정과 공감을 상징하는 보라색으로 이뤄져 있다.  이러한 환자 중심의 가치 아래 한국 BMS제약은 세계 환자 주간 외에도 국내 청년 암 환자의 사회 복귀 및 자립을 지원하는 리부트, 환자 보호자에 대한 지원과 인식 개선을 위한 ‘환자 보호자의 날’, 암 환자 치료 환경 개선을 위한 ‘리커버’ 등 다채로운 사회공헌 활동들을 펼치고 있다. 홍은심 기자 hongeunsim@donga.com
https://www.donga.com/news/Health/article/all/20230919/121250011/1;[헬스캡슐] 한국에자이, 치매인식 개선 위한 3자 업무협약 外 ;■ 한국에자이, 치매인식 개선 위한 3자 업무협 글로벌 헬스케어 기업 한국에자이(대표 고홍병)가 세계 치매의 날을 맞아 SK텔레콤(대표이사 유영상), 독거노인종합지원센터(센터장 김현미)와 함께 AI 기반 치매 인식 개선 및 예방 시범사업 추진을 위한 3자 간 업무협약(MOU)을 체결했다고 18일 밝혔다.  독거노인종합지원센터를 중심으로 한국에자이의 디지털 뇌 건강 체크 솔루션 ‘코그메이트’와 SK텔레콤의 ‘AI call(누구 비즈콜 플랫폼 기반)’을 활용해 치매 인식 개선 및 치매 검사 권유, 인지기능 저하에 대한 선제적 예방 사업을 펼친다. 이번 협약에 따라 3사는 올해 4분기부터 인지 기능 저하로 인해 관리가 필요한 고위험군 어르신을 대상으로 AI 기반 개인 맞춤형 치매 안심 시범 사업을 시행한다.  우선적으로 AI call을 통해 치매 고위험군 어르신 약 1만 명에게 치매 예방 정보 전달 및 치매 검사를 권유하고 동시에 뇌건강 체크 솔루션인 코그메이트 참여 희망자를 선정한다. 이후 희망자를 대상으로 코그메이트 결과에 따라 AI call을 통해 인지 기능 관리·유지를 위한 정보를 후속 안내할 예정이다. ■ SCL, 창립 40주년 국제 학술대회 개최 검사 전문 기관 SCL(재단법인 서울의과학연구소)은 올해 창립 40주년을 맞아 ‘글로벌 톱티어 연구·검사기관’을 향한 도약을 목표로 본격적인 행보에 나선다.  SCL은 오는 11월 1일 서울 롯데호텔에서 국내외 의료 분야 석학들을 대거 초청해 국제 학술대회를 개최한다. 준비위원장인 이경원 원장(SCL 아카데미)은 “최신 의료 동향을 공유하고 미래 발전 방향에 대해 논의할 수 있는 자리로 이번 학술대회를 준비했다”고 취지를 전했다.  학술대회는 SCL 헬스케어그룹 이경률 회장의 환영사를 시작으로 ‘디지털 헬스케어와 인공지능’ ‘헬스케어의 새로운 경향인 환자 맞춤형 의학’ ‘마이크로바이옴이 건강과 질병에 미치는 영향’ 등 3개 세션에서 국내외 석학들의 강연이 이어진다.  특히 세계적 석학인 미국 롭 나이트 교수(캘리포니아대학교 샌디에이고캠퍼스)가 기조연설자로 나선다. 나이트 교수는 ‘머신러닝 접근을 통한 암에서의 마이크로바이옴 역할 조명’을 주제로 강연을 진행한다. ■ 치과뉴스닷컴에서 구강건강정보 만나세요  ‘치과뉴스.COM’은 구강 건강 관리 전문가인 수십 명의 현직 개원 치과의사가 일반인과 소통하는 플랫폼이다.  일반인이 질문을 하면 유명 치과의사가 24시간 내에 자세하게 답해 준다. 가정에서 부모가 자녀의 치아 건강 관리를 해줄 수 있도록 쉽게 설명하는 치아 관리 동영상과 웹툰도 있다. 기저질환 환자의 치과 치료에 대한 치과 원장의 상담 코너도 있다. 치과 치료를 할 때 유의해야 할 점과 준비해야 하는 정보를 알려준다. 한국인 10명 중 1명은 당뇨병이 있는데 치과뉴스.COM에서는 당뇨병 질환 전문 치과의사가 알려주는 ‘당뇨와 치아 건강 관리’의 동영상 코너를 볼 수 있다. 또한 임플란트 시술에 관한 풍부한 정보도 얻을 수 있다. 치과뉴스.COM은 임플란트 시술 전후 환자를 위해 이달부터 10월까지 이벤트를 진행한다. 동아제약과 공동으로 소비자 체험단을 모집한다. 응모에 채택되는 100명에게 임플란트 관리에 유용한 ‘검가드’ 제품과 스타벅스 쿠폰이 제공된다. 응모는 치과뉴스.com 사이트에서 신청할 수 있다.
https://www.donga.com/news/Health/article/all/20230919/121249882/1;녹용서 가장 귀한 ‘분골’까지 담았다… “소중한 분께 특별한 선물하세요” ;러시아 사슴 농장 중 최대 규모이자 100년 전통이 이어져 내려오는 아바이스크 농장의 겨울은 최저 영하 30도까지 내려갈 정도로 매섭다. 사슴들은 혹한을 버티면서 조직을 조밀화하게 만든다. 이 때문에 러시아산 녹용은 으뜸의 가치로 평가받는 ‘원용(元茸)’이라 불린다. 알타이산맥의 해발 2000m 청정 고산지대에서 척박하고 추운 환경을 이겨낸 사슴의 뿔이 바로 구전 녹용의 주원료가 된다.  녹용은 끝부분부터 상대, 중대, 하대로 나뉘는데 부위에 따라 가격이 천양지차다. 특히 녹용의 상대보다 위에 있는 분골과 팁은 사슴의 생장점이 몰려 있고 소량만 채취되는 부위여서 다른 부위에 비해 고가에 거래된다. 구전녹용은 녹용에서 가장 귀하고 고가인 분골과 팁까지 모두 함유돼 있다.  또 2022년 관세청 ‘나라별 녹용 수입 가격’ 자료에서 러시아산 녹용이 뉴질랜드산 녹용 대비 1㎏당 약 2.1배 높은 것으로 확인됐다. 러시아산 녹용이 ‘원용’이라 불리는 이유다.  편강한방연구소는 구전녹용의 주원료가 되는 녹용을 러시아 아바이스크 농장과 독점 공급 계약을 통해 국내로 들여온다. 특히 매년 한 번씩 아바이스크 농장을 직접 방문해 꼼꼼하게 선별한 뒤 국내로 들여와 직영으로 운영하는 제천 공장에서 가공 및 생산하고 있다. 논문에도 여러 차례 검증된 녹용의 효능녹용에 함유된 여러 가지 유효 성분은 국내외를 망라한 유수의 연구 논문에서 그 가치를 인정받았다.  세계적인 우수 학술 논문 인용지수 스코퍼스급 저널인 JPBA(의학 및 생물의학 분석 저널)에 게재된 논문에 ‘벨벳 사슴뿔의 면역 체계 기능 향상은 오래전부터 있었다’라는 내용이 기재돼 있다.  또한 2000여 년 전에 저술된 약물학 서적 신농본초경에는 ‘녹용은 음양의 기운을 조절하고 비장과 신장의 기운을 도와 뼈와 근육을 튼튼히 하며 피의 흐름을 증진하는 효과가 있다’는 녹용의 효능이 기록돼 있다.  유튜브 한의빌더를 운영 중인 김석욱 한의사는 “녹용에는 각종 무기질, 아미노산, 콜라겐, 강글리오사이트, 판토크린이 함유돼 있어 조직의 성장, 백혈구 증식, 심장박동 감소 시 정상 회복 등에 도움을 줄 수 있다. 특히 판토크린은 신경과 근육계의 기능 개선에 도움을 준다”며 “뿔에 혈액이 흘러 호르몬이 순환하는 동물은 녹용이 유일하다. 녹용으로 쓰는 수사슴은 번식기에 호르몬 분비가 왕성하기 때문에 그 근원 물질을 녹용에서 얻을 수 있다”고 덧붙였다. 조선왕조실록에 따르면 영조는 각종 약재와 더불어 녹용을 즐겨 섭취했다. 당시 왕들의 평균 수명이 42세였지만 영조는 82세까지 장수한 왕으로 알려져 있다.  그동안 건강식품 시장은 홍삼으로 만든 제품들이 대중적이었다. 그러나 최근 녹용을 주원료로 만든 녹용 제품 시장이 꾸준히 성장하며 녹용을 통해 건강관리를 하는 인구가 크게 늘고 있다.  세계적인 논문 저널들에 녹용의 효능에 관한 연구가 지속해서 등재되며 그 가치를 인정받는 동시에 방송인 고 송해, 가수 임영웅, 브레이브걸스, 크리에이터 김계란 등 대중적으로 신뢰 있는 모델들이 구전녹용 같은 건강식품 브랜드의 광고 모델로 활동하면서 이제 녹용은 홍삼을 넘어 대중적 건강식품으로 자리 잡게 됐다. 구전녹용은 이러한 분위기에 발맞춰 대중적 기호에 맞춘 제품을 생산하면서 ‘녹용은 한의원에서 처방받는 약재’라는 인식을 무너트리고 비타민처럼 매일 먹는 친근한 건강식품으로 성장하게 됐다.1년 내내 30% 할인, 구독 서비스 ‘원용 클럽 VIP’원용 클럽 VIP는 꾸준하게 녹용을 섭취하는 고객을 위해 마련한 파격 할인 서비스다. 구전녹용 본 또는 구전녹용 순 1년 치(12박스)를 30% 할인된 가격에 선결제하면 매달 원하는 날짜에 배송받을 수 있다.  회원 혜택으로 ①가입된 제품 외 전 제품 30% 상시 할인(hy 제품 제외) ②편강율 화장품 세트 증정 ③명절 4만 포인트 지급(설·추석 각 2만) ④신규 회원 1만 포인트 지급 ⑤1년간 회원 유지 시 가입 제품 추가 2박스 무료 증정 ⑥구전 녹용 굿즈 제공 ⑦전문 보안 안전 배송 ‘발렉스’ 서비스 등을 제공한다. 혜택 중 편강율 화장품 세트는 17일까지 가입자에 한해 증정된다.  구전녹용 관계자는 “원용 클럽에 가입하면 30% 할인된 가격으로 구전녹용 10개 전 제품군을 1년 동안 구매할 수 있다. 이번 이벤트를 통해 큰 혜택을 가져가시길 바란다”고 설명했다. 추석을 앞두고 많은 이가 뜻깊은 선물 고민에 빠져 있다. 여전히 코로나19와 독감 등 각종 바이러스가 우리 일상을 위협하는 가운데 건강식품에 대한 수요가 많이 증가하며 녹용 선물 세트가 인기를 끌고 있다.  고품질 건강식품 구전녹용은 다음 달 6일(금)까지 추석 할인 및 증정 이벤트를 진행 중이다. ①전 제품 10% 할인 쿠폰 증정(10포, 15포, 헤어 제품, hy 제품 제외) ②30만 원 이상 구매 시 14만 원 상당의 휴대용 스틱 제품 구전녹용 복세편살(30포) 무료 증정 ③50만 원 이상 구매 시 30만원 상당의 떠먹는 고농축액 구전녹용 진(1병) 100% 무료 증정으로 구성돼 있다.  기존 및 신규 정회원 대상으로 진행되며 구매는 구전녹용 홈페이지, 직영 매장 편강도원, 고객센터 등에서 가능하다. 구전녹용 관계자는 “코로나 엔데믹 이후 각종 바이러스 질병이 사회 곳곳에 자리 잡고 있다. 추석 이후 환절기에는 더욱 건강에 유의해야 하기에 추석 선물로 부모님과 지인에게 건강을 선물할 수 있도록 이번 이벤트를 기획했다”고 취지를 전했다.맞춤형 제품으로 ‘추석 선물’에 제격구전녹용은 나이별 다양한 맞춤형 제품으로 구성돼 있어 소비자에게 선택의 폭을 넓혀주는 동시에 쉽게 섭취할 수 있다. 가장 대표적인 제품인 ‘구전녹용 본’, 순하게 담아낸 ‘구전녹용 순’, 휴대 가능한 스틱형 제품 ‘구전녹용 복세편살’, 러시아산 녹용과 국내산 홍삼을 달여 만든 ‘구전녹삼’, 떠먹는 농축액 ‘구전녹용 진’, 미취학 아동용 제품 ‘구전녹용 당금아기’, 초등학교 자녀 입맛에 맞춘 ‘구전녹용 금지옥엽’, 수험생용 휴대 가능한 스틱형 제품 ‘구전녹용 합격녹용’, 여성을 위한 녹용 ‘구전녹용 정경부인’, 침향과 녹용을 주원료로 만든 환 제품 ‘편강정진단’ 등으로 구성돼 있다.  구전녹용 전 제품은 믿을 수 있는 18가지 국내산 천연 재료를 부원료로 사용한다. 숙지황, 당귀, 천궁, 작약, 삽주, 복령, 감초, 황기, 산약, 황정, 맥문동, 맥아, 길경, 생강, 대추, 홍삼, 오미자 추출액, 벌꿀 등의 재료는 모두 국내에서 철저히 엄선된 천연 재료만을 고집한다.  제천에 위치한 구전녹용의 제조원 편강한방연구소는 2020년 9월 농림축산식품부 산하 국립농산물품질관리원으로부터 ‘긴급 점검’ 형식으로 실시한 원산지 적합 조사에서 모두 적합 판정을 받았다. 편강한방연구소는 러시아 현지 방문 후 국내 검수 및 제천 공장 제조 등 모든 과정을 OEM이 아니라 직접 생산하며 엄격한 제조 과정을 거쳐 구전녹용을 생산한다.  편강한방연구소는 구전녹용 본 제품에 대한 성분 검사를 한국표준시험분석연구원과 ㈜현농 기업부설연구소에 의뢰해 6대 중금속 불검출, 잔류 농약 불검출, 글루텐프리라는 검증 결과를 받았다. 또한 편강한방연구소는 ISO9001 품질경영시스템 인증, ISO22000 식품안전경영시스템 인증을 통해 식품 안전에 대한 고객의 기대 수준을 충족시킴과 동시에 최적의 품질 관리 시스템을 구축하고 있다. 유지영 기자 yjy777@donga.com
https://www.donga.com/news/Health/article/all/20230919/121249728/1;신약 개발부터 합성 연구까지… 인공지능 플랫폼 역량 강화 ;세계적으로 모든 산업군에 걸쳐 인공지능(AI)을 활용하는 사례가 늘고 있는 가운데 JW중외제약은 이 같은 시대적 흐름을 선도하기 위해 신약 개발 과정에 AI 플랫폼을 적극적으로 활용하고 있다. 신약 개발의 기초인 신약후보물질은 신약 연구, 합성 연구, 제제 연구 등의 단계를 거쳐 탄생한다. 신약 연구는 표적 질환과 표적 단백질을 설정하고 여러 물질 중 신약후보물질이 될 만한 화합물(분자구조)을 발굴하는 과정을 일컫는다. 이후 합성 연구 단계에서 신약 화합물을 실제 원료 의약품으로 구현한 뒤 제제 연구를 통해 정제나 주사제 등의 제형을 결정한다. JW중외제약은 신약후보물질 발굴 및 적응증 확대를 위해 국내외 다양한 바이오테크와의 개방형 혁신(오픈 이노베이션)을 추진해 신약 연구 분야에 AI 기술을 적용해 왔다. 특히 투자를 통해 바이오테크의 기술을 이전받거나 지분을 매입하는 ‘자본과 기술의 만남’이 아닌 JW중외제약의 기술과 플랫폼을 바이오테크와 결합해 시너지를 내는 전략에 집중하고 있다. JW중외제약은 2022년 11월 AI 기반의 혁신 항암 신약 개발을 위해 미국 바이오 벤처기업 큐어에이아이 테라퓨틱스(이하 큐어에이아이)와 손을 잡았다. 공동 연구 계약에 따라 JW중외제약과 JW신약의 연구 법인 JW크레아젠은 큐어에이아이가 보유한 AI 및 머신러닝 기반의 암 환자 유전체 분석과 바이오 마커 탐색 플랫폼을 활용해 항암 신약 연구개발을 진행한다. JW중외제약의 경우 큐어에이아이와 함께 면역 항암제 저항성 고형암 환자를 표적으로 하는 새로운 저분자 항암 신약 과제를 발굴하고 JW중외제약이 개발 중인 항암 신약후보물질의 임상 성공률을 높이기 위한 중개 임상 전략도 수립하고 있다. JW크레아젠은 큐어에이아이와 고형암 치료용 신규 키메릭항원수용체(CAR)-NK세포치료제 후보물질 도출을 위해 협력한다. 이를 통해 기존에 연구개발 중인 수지상세포치료제, CAR-대식 세포치료제와 함께 면역세포치료제 신약 파이프라인을 확장할 방침이다. 이에 앞선 2022년 10월에는 AI 신약 개발 전문 기업 디어젠과 AI 기반의 혁신 신약 개발을 위한 공동 연구 협약을 체결했다. 디어젠의 AI 신약 개발 플랫폼 ‘DEARGEN iDears’를 활용해 JW중외제약이 개발하고 있는 신약후보물질의 신규 적응증을 탐색하고 개발 가능성을 검증하기 위해서다. 더불어 2022년 3월부터는 ‘랩터 AI’ 플랫폼을 보유한 온코크로스와 함께 JW중외제약의 신약후보물질과 기존 약물의 신규 적응증을 탐색하고 개발 가능성을 검증하고 있다. 신테카바이오와는 지난 2021년부터 특정 단백질 표적의 혁신 신약후보물질을 발굴하고 있다. 특정 단백질에 작용하는 혁신 신약 과제를 공동 기획하고 신테카바이오가 보유한 AI 플랫폼 ‘딥매처’와 약물 3D 시뮬레이션 기술로 혁신 신약후보물질 발굴 속도를 높인다. 특히 JW중외제약은 디지털 전환이라는 대세적 흐름 속에서 신약 연구뿐만 아니라 합성 연구 분야에도 관련 기술을 적용하며 업계 연구개발 경쟁력 강화를 주도하고 있다.  2023년 1월 독일 머크 라이프사이언스(이하 머크)와 AI를 활용한 원료 의약품 연구개발 업무 협약을 체결했다.  머크는 신약 개발 초기 단계에서 화학물질 합성 방법을 빠르고 정확하게 분석·제시하는 유기 역합성 소프트웨어 ‘신시아’를 보유한 세계적 기업이다. 국내 제약사 중 머크의 신시아를 적용한 곳은 JW중외제약이 처음으로 JW중외제약 원료연구센터는 자체 신약후보물질의 합성 연구에 신시아를 적극적으로 활용하고 있다. 머크와의 협약은 그동안 신약 연구에 집중됐던 AI 적용 분야를 원료 합성 연구로 확대했다는 데 의의가 있다. 원료 합성 연구는 문헌조사와 가능성 연구, 최적화 연구, 시범 생산 등의 과정을 거친다. 즉, 각종 문헌을 참고해 원료 합성 방법을 조사(문헌조사)하고 합성 경로별 소량 원료 합성 테스트를 통해 방향을 설정하는 선행 연구(가능성 연구)를 거쳐 최적의 원료 합성법으로 발전(최적화 연구)시킨다. 이 과정에서 신시아 활용 시 문헌조사∼가능성 연구 기간(약 50%)과 비용(약 60%)을 절감할 수 있을 것으로 기대된다. 이를 통해 통상 3년여의 시간이 소요되는 문헌조사∼최적화 연구 기간을 30% 단축할 수 있다.  JW중외제약은 머크와의 협약을 계기로 AI뿐만 아니라 자동화 원료 합성 로봇도 도입하는 스마트랩 환경을 구축한다는 계획이다. JW중외제약은 신시아가 제시한 합성 조건을 바탕으로 24시간 원료를 합성하는 로봇도 도입한다. 그동안 실제 합성 작업은 대부분 연구원에게 의존했으나 로봇이 이를 대체하는 무인 랩 환경이 가능해지는 것이다. 이를 통해 가능성∼최적화 연구 기간이 획기적으로 단축될 것으로 기대하고 있다. 또한 로봇이 단순·반복적인 합성작업을 진행하는 동안 연구원은 합성 전략 수립 등 더 고차원적이고 효율적인 연구에 집중할 수 있다. 유지영 기자 yjy777@donga.com
https://www.donga.com/news/Health/article/all/20230919/121249705/1;나노미터 파장이 비강 속 염증 완화… 코막힘, 재채기 등 일주일만에 개선 ;더보탬㈜(대표 이근규)의 비염 치료기 ‘루즈’가 강남세브란스병원의 임상 시험 결과 증상 개선 효과가 있는 것으로 나타났다.  강주완 강남세브란스병원 이비인후과 교수가 21명의 참가자를 대상으로 4주간 임상 시험을 진행한 결과, 루즈 사용 후 일주일 후부터 효과가 나타나기 시작했고 2주부터는 코막힘 29%, 콧물 48%, 재채기 52%, 가려움증이 57% 개선됐다고 밝혔다.  루즈는 어린이부터 노인까지 모든 연령대에서 불편함 없이 착용할 수 있도록 인체공학적으로 설계한 비염 치료기기다. 안경과 동시에 착용이 가능하고 공부, 운전, 독서, 집 안 청소 등 일상생활을 하면서 비염을 치료할 수 있다.  건강보험심사평가원에 따르면 국내 알레르기성비염 환자 수는 2016년 1500만 명을 넘어섰다. 이 중 20세 미만 소아·청소년이 약 30%(440만 명)를 차지한다. 알레르기성비염은 코 증상뿐만 아니라 일상생활, 학교생활, 수면의 질에도 나쁜 영향을 끼치는 것으로 알려져 있다. 특히 소아청소년기의 비염으로 인한 수면 장애, 집중력 장애는 정상적인 성장과 발달에 지장을 초래하므로 치료가 필요하다. 알레르기성비염은 온도가 급변하는 가을철이나 꽃가루, 미세먼지, 황사 등 알레르기 유발 물질이 빈번한 봄철 등에 주로 발생한다. 실내 냉난방기의 먼지 등이 콧속으로 들어와 비강 내 점막을 자극하면서 콧물, 코막힘 등을 유발한다. 과거 봄, 가을 환절기에 집중적으로 발생하던 알레르기비염은 이제는 계절성이 아닌 4계절 질병이 돼 국민 건강에 또 다른 심각한 문제로 대두되고 있다. 알레르기 증상이 계속되면 두통, 집중력 저하는 물론 깊은 잠을 깊이 자지 못해 다음 날의 컨디션에도 나쁜 영향을 미치는 악순환이 반복된다. 어린아이들의 경우 성장호르몬 분비를 저하하고 구강 호흡으로 인한 얼굴 변형 등도 일으킬 수 있다.  루즈 코 관리 비염 치료기는 적색 광선(660㎚), 근적외선 광선(940㎚)의 듀얼 파장을 동시에 이용해 비강 내 비염 부위 점막에 수 ㎚의 광선을 조사한다. 미세 열 발생과 혈류량을 증가시켜 알레르기성비염 증상(재채기, 콧물, 가려움증)의 개선 등 치료에 사용되는 2등급 의료기기다.  사용 시 발생하는 광선의 힘이 강하거나 안정적이지 못할 경우 자칫 비염 부위 점막 손상을 유발할 수 있기 때문에 극히 약한 수 ㎽(식약처 허가 5㎽±15% 내외) 수준으로 조사가 돼야 하며 출력 안정도의 수준이 매우 높은 경우에만 의료기기 허가를 받을 수 있다.  인체공학적 설계로 착용법이 간단해 별다른 조작 없이 어린이부터 노인까지 모든 연령대가 불편함 없이 착용이 가능하며 특히 안경과 동시에 착용이 가능하다. 특허 기술이 적용된 광선 조사부는 콧속 깊숙이 삽입하지 않고도 비염 발생 부위까지 광선을 조사할 수 있다. 비강 내 조사부 삽입에 의한 불편한 이물감도 없애고 비강 외부 조사로 광선이 비염 부위까지 도달하지 않아 치료 효과를 제대로 볼 수 없던 부분도 한꺼번에 개선한 제품이다.  약 50g의 무게인 루즈 비염 치료기는 배터리를 내장해 1회 충전에 20회 이상을 사용할 수 있으며 치료를 위한 동작은 일반 모드 및 집중 모드에 3분, 5분 2가지 동작 모드를 선택적 사용할 수 있다. 급성 콧물이나 코막힘 증상이 발생했을 경우 집중 모드를 사용하고 꾸준한 비염 치료를 위해 일반 모드를 사용할 수 있는 기능도 적용돼 있다. 박윤정 기자 ongoh@donga.com
https://www.donga.com/news/Health/article/all/20230919/121249678/1;운동 중 지나치게 숨 차다면 비후성 심근병증 의심을[홍은심 기자의 긴가민가 질환시그널] ;비후성 심근병증은 온몸에 피를 보내는 심장의 좌심실 근육이 두꺼워지면서 심실 안에 피를 채우는 이완 기능이 떨어지는 질환이다. 심장근육은 액틴 섬유와 마이오신 섬유가 결합·분산을 반복하면서 혈류를 공급한다. 이때 두 섬유 간 결합은 적당한 수가 이뤄져야 하는데 비후성 심근병증은 이 결합이 과도하게 이뤄지면서 발생한다. 좌심실 근육이 두꺼워져 피를 직접 보내는 대동맥의 혈류를 방해할 경우 폐색성 비대성 심근병증으로 분류된다. 좌심실이 두꺼워지는 증상은 고혈압, 대동맥판막협착증, 심부전증 등으로도 발현되지만 비후성 심근병증은 이 같은 원인 없이 발생하는 경우에 해당한다. 운동 시 호흡곤란, 피로감, 앉아서 몸을 굽히지 않으면 숨쉬기가 힘든 증상이 나타난다. 야간에 발작성 호흡곤란을 겪기도 한다. 비후성 심근병증은 선천성 심장병으로 인구 500명당 1명에서 발견되며 이 중 약 70%는 돌연사 위험이 있다. 국민건강보험공단 통계 자료를 살펴보면 2010년 일반 인구 0.016%가 이 질환을 앓고 있는 것으로 집계됐지만 2016년 0.031%로 집계되면서 6년 새 2배 가까운 환자가 증가했다. 통상적으로 비후성 심근병증은 심장 초음파를 통해 확진한다. 2020년 기준 미국의 진료 지침을 보면 이완기 말 좌심실의 두께가 15㎜를 넘으며 다른 질병 소인이 없을 경우 비후성 심근병증으로 진단된다. 비후성 심근병증 치료는 증상 완화를 목적으로 이뤄지고 있다. 크게 약물 치료와 수술 치료를 한다. 약물 치료는 심장박동 수와 심근 수축력을 감소시키고 좌심실 이완 기능을 개선하는 베타차단제, 칼슘채널차단제, 디소피라미드 성분 약제 등이 처방된다. 효과를 보이지 않을 경우 두꺼워진 심실 근육을 직접 잘라내는 심근 절제술과 심실이 두꺼워진 부분 내 혈관에 알코올을 주입해 근육 부위를 파괴하는 비수술적 심실중격 절제술(알코올 심실중격 절제술) 등이 시행된다. 홍준화 중앙대병원 심장혈관흉부외과 교수는 “운동 중이나 운동 직후에 흉통이나 어지럼증, 맥박 이상이 느껴지거나 속이 울렁거리고 지나치게 숨이 차오르면 반드시 병원을 방문해야 한다”라며 “심근 절제술은 가슴 앞쪽 한 뼘 이하의 작은 절개를 통해 대동맥 판막 아래쪽의 근육을 엄지손가락 크기 정도로 잘라내는 방법”이라고 말했다. 홍 교수는 “부정맥, 급사의 위험을 줄여 비후성 심근병증 환자의 장기 생존율을 높이는 데 효과적”이라고 말했다. 비후성 심근병증 진단을 받으면 무엇보다 의사의 지시에 따라 약물 치료를 꾸준히 지속하는 것이 중요하다. 과도한 운동은 심장의 부담을 증가시켜 급사 등 치명적인 결과를 초래할 수 있으므로 피해야 한다. 저염식이 심부전 증상을 완화하는 데 효과적이다. 홍은심 기자 hongeunsim@donga.com
https://www.donga.com/news/Health/article/all/20230919/121249644/1;“헌혈인이 존경받는 사회로… 표창 등 사회적 예우 강화하겠다” ;매일 새벽 3시에 기상해서 병원에 출근한다. 응급실과 중환자실을 돌아보며 밤새 일어난 일을 먼저 챙긴다. 최근 취임한 김철수 대한적십자사 회장의 하루다. 매주 수요일 오전엔 에이치플러스 양지병원에서 직접 진료도 하고 있다. 이곳 병원에서 매일 8시에 출발해 적십자로 향하는 일과가 새로 추가됐다. 대한병원협회장을 지낸 김철수 회장은 의사들의 네트워크도 누구보다 넓다. 이러한 인맥은 적십자 기부금 조성에 큰 역할을 하고 있다. 그가 적십자사 회장이 된 지 1개월도 안 된 시기에 벌써 하림 등 기업에서 10억 원의 적십자 기부금을 모았다. 병원 쪽에서도 2000만 원 넘게 기부금 확보를 이어오고 있다. 기부금은 인도주의 사업의 재원이 된다. 기부는 사람을 행복하게 만든다는 것이 그의 평소 지론이다. 이렇게 받은 기부금은 국내 재난 현장과 해외의 재난 현장의 지원금으로 나가는 소중한 국가 자산이 된다. 그는 최근에 적십자사 회장으로 처음으로 국립묘지를 참배하기도 했다. 어려운 이웃과 고난에 처한 이재민을 위해 든든한 희망의 등불이 되겠다는 각오도 다졌다. 김 회장을 10일 적십자사에서 만났다. ―어떤 일에 중심을 둘 생각인가. “코로나19 시기 기부, 헌혈, 봉사 등 인도주의 활동이 축소된 부분이 있었다. 이제는 모든 것을 정상으로 회복하고, 더 나아가 코로나 이전 적십자가 하지 못했던 부분까지 핵심 역량을 강화해 보려고 한다. 무엇보다 이곳에 취임해서 조직에 변화가 있어야 하겠다고 느꼈다. 이곳에서 봉사하는 사람만 20만 명이 넘는다. 자원봉사를 하더라도 신나게 할 수 있는 환경을 만들어야 한다. 자긍심을 높일 수 있는 지원책 마련이 필요하다. 이외에도 지속가능한 공공의료 기반 확충과 혈액사업 활성화 및 남북 인도주의 현안 해결 방안 모색을 중점적으로 추진 중이다.” ―저출산 등으로 헌혈자가 갈수록 줄고 있다. “단 한 번의 헌혈도 남을 위해 큰일을 하는 것이다. 헌혈자가 참 고마운 일을 하고 있다는 자긍심을 심어주고 싶다. 그런데 헌혈하는 사람에 대해 사회적으로 인정하고 예우하는 제도가 없다. 헌혈하는 사람을 존경받는 사람으로 사회가 인정해 줘야 된다. 이를 위해 헌혈 관련해서 큰 역할을 한 사람들을 대상으로 대통령 표창, 총리상 등 각종 포상을 추진하고 있다. 이외에도 헌혈자를 위한 공공기관 주차 시설 이용 시 주차 감면 혜택, 공공전시관 방문 시 무료 입장 등 다방면으로 고려 중이다. 헌혈의집이 없는 지역을 중심으로 신규 헌혈의집을 확충하고, 헌혈의집 시설 개선과 노후 버스 교체 사업을 지속적으로 추진해 헌혈자의 만족도를 높이도록 하겠다.” ―환경 문제도 관심이 많은 것 같은데. “국제적인 재난, 즉 홍수, 태풍, 지진 등은 현재 환경 문제가 다 연결돼 있다. 기후 위기의 가장 큰 적은 탄소배출이다. 탄소중립을 달성하기 위해 ‘적십자 환경·사회·지배구조(ESG) 위원회’를 설치해서 지속적인 기후 위기 완화를 위해 노력하겠다. 2016년에 국제적십자사연맹(IFRC)과 협력해 아시아태평양재난복원력센터(APDRC)를 설립했다. 아태지역 38개국의 복원력을 강화하는 다양한 활동, 예를 들어 이들 나라와 협력해 지역사회의 기후 위기와 재난 대응 교육, 각국 적십자사와의 경험 공유, 학계와 정책 입안자들과의 네트워킹 세미나 등을 진행하고 있다. 환경 문제는 유치원 때부터 교육이 들어가야 한다. 제2의 새마을운동을 하는 마음으로 제2의 환경운동을 위해 탄소중립을 위한 노력도 꾸려 나가겠다.” ―국내뿐만 아니라 해외 재난 지원 활동에도 중요할 역할을 하고 있다. “최근 모로코 마라케시 남서쪽에서 발생한 지진 피해 이재민 긴급 구호를 위해 국제적십자사연맹을 통해 1억5000만 원을 긴급 지원했다. 또 여진으로 지진 피해가 확산되면서 증가하는 인도적 수요에 따라 20억 원 규모의 대국민 모금 캠페인을 실시하고 있다. 그리고 우크라이나 위기 희생자와 피란민을 지원하기 위해 지난해 2월 28일부터 대국민 모금 캠페인을 실시했고 현재까지 총 300억 원의 성금이 답지됐다. 이외에도 올해 초부터 무력 충돌로 큰 피해를 입은 수단에 인도적인 지원(5억8000만 원)을 했다. 대규모 지진이 발생한 튀르키예, 시리아에도 2월 7일부터 대국민 모금 캠페인을 통해 현재까지 399억 원을 모금했다. 지난달 8일 대형 산불이 발생한 하와이에도 산불 피해 지원(1억3000만원)을 이어갔다. 국민들의 인도주의적이고 자발적인 참여가 무엇보다 컸다. 우리도 수혜를 받던 국가에서 어려운 나라를 돕는 선진국으로 발전했기 때문에 가능한 일이다.” ―적십자 수장이자 의사로서 건강의 비결은. “의사로서 건강의 비결은 특별한 방법이 없다. 그냥 하루에 적어도 1만 보 이상은 걷는다. 남들이 좋은 영양제 많이 챙겨 먹는 것 아니냐고 의심을 하는데 사실 영양제는 종합비타민 한 알 챙겨 먹는 게 다다. 평소에 소식하고 채소류 많이 챙겨 먹고 일주일에 두 번 정도는 고기를 섭취한다.” ―국민에게 당부드리고 싶은 말이 있다면. “적십자운동에는 자발적으로 참여해주시는 수많은 적십자 가족이 있다. 20만여 명의 봉사원과 청소년적십자(RCY) 단원, 300만 명의 헌혈자, 500만 명의 후원자가 있기에 적십자 인도주의 운동이 지속될 수 있었다. 적십자를 이해해 주시고 함께해주시는 여러분께 감사의 말씀을 드리고 국민 여러분의 지속적인 관심과 지지를 부탁드린다. 대한적십자사의 헌혈, 기부 봉사 등 모든 활동은 국민과 함께하고, 국민이 체감할 수 있어야 한다. 따라서 재난구호와 사회봉사, RCY, 안전교육, 혈액 수급 등에 다양한 프로그램을 만들고 활성화해서 국민 참여를 이끌어 내겠다.”이진한 의학전문기자·의사 likeday@donga.com
https://www.donga.com/news/Health/article/all/20230919/121248883/1;[의료계 소식]자생한방병원, 가명정보 활용 대상 수상 ;자생한방병원은 15일 보건복지부, 과학기술정보통신부, 개인정보보호위원회 등 5개 정부 부처가 공동으로 주최한 ‘2023 가명 정보 활용 우수사례·아이디어 경진대회’에서 우수사례 부문 대상(보건복지부 장관상)을 받았다고 18일 밝혔다. 올해로 3회째를 맞이한 이번 경진대회는 가명 정보에 대한 국민 이해도와 활용도 제고를 위해 매년 개최되고 있다. 가명 정보란 개인정보 일부를 삭제·대체해 개인을 특정할 수 없도록 가공한 정보를 뜻한다. 우수사례와 아이디어 두 부문으로 나누어 진행된 이번 대회에서 우수사례 부문은 기관이 보유한 가명 정보를 연계·결합해 연구 및 서비스 개발 등에 활용한 사례를 심사했다. 자생한방병원 척추관절연구소 이윤재 부소장(부천 자생한방병원 척추관절센터 연구원장) 연구팀은 허리 디스크(요추 추간판 탈출증) 환자의 한방 의료 이용에 대한 가명 정보 결합 사례로 우수한 평가를 받았다. 연구팀은 비급여 치료 비중이 높은 한방 치료의 경우 건강보험 청구 자료에서 확인할 수 있는 항목이 매우 적다는 사실에 문제를 느꼈고 2015년부터 2021년까지 자생한방병원에 기록된 허리 디스크 환자의 가명 정보와 건강보험심사평가원 청구 자료의 결합을 통해 해결책을 제시했다. 기존 건강보험 데이터는 급여 항목인 침 치료 위주의 데이터 분석만 가능해 환자의 장기적인 경과 확인을 비롯해 타 병원 진료와 비급여 치료 여부 확인에 어려움을 겪는 등 분석 범위가 한정적이었다. 이에 연구팀은 같은 전자의무기록 시스템(EMR)을 활용하는 전국 자생한방병원·한의원의 표준화된 임상 데이터를 기반으로 강남·대전·부천·해운대자생한방병원의 자료를 선행 수집한 뒤 심의를 거쳐 가명 처리를 했고 건강보험심사평가원에 해당 자료의 조건에 맞는 가명 데이터를 청구한 뒤 데이터의 결합을 진행했다. 결합한 데이터는 한방병원에 내원한 환자의 병력, 통증 등 임상적 중증도 정보부터 검사 정보까지 연계한 분석이 가능하며 허리 디스크에 대한 한약, 약침 등 비급여 치료의 수술률 및 마약성 진통제 사용률 감소 효과를 객관적으로 파악할 수 있게 해준다. 또한 이번 연구는 한의약 혁신 기술 개발 사업의 목적으로 수행된 만큼 국민의 의료 선택권을 확대하고 의료비 부담을 줄여줄 수 있는 보건 의료 정책의 근거 자료로 활용될 가능성도 크다. 이 부소장은 “이번 사례가 한방 치료의 효과를 객관적으로 파악할 수 있는 계기가 되고 결합한 데이터를 더욱 깊게 분석해 향후 다양한 연구로 발전시켜 급여 확대 등의 보장성 강화에 도움이 되길 바란다”라며 “데이터 연계와 결합 경험을 쌓은 만큼 타 기관의 한의학 연구자들도 이를 적극적으로 활용할 수 있도록 지원하겠다”고 소감을 밝혔다.홍은심 기자 hongeunsim@donga.com
https://www.donga.com/news/Health/article/all/20230919/121248834/1;혹시 내 갑상샘에 이상이? 스마트워치로 실시간 진단 [이진한 의사·기자의  따뜻한 의료기기 이야기] ;갑상선에 문제가 생기면  지금까지는 갑상샘 이상 여부를 알기 위해선 병원을 찾아 혈액검사를 수시로 받는 방법 밖에 없다. 이로 인한 비용과 시간, 정신적인 스트레스 등 모든 것이 환자에게는 큰 부담이다. 타이로스코프는 이를 해결하기 위해 환자의 심박수 수치와 갑상샘 호르몬 농도 간의 상관성을 밝혀내고, 혈액검사 없이 갑상샘 상태를 간편하게 확인·관리하는 모바일 앱 ‘글랜디(Glandy)’와 ‘건강할샘’을 개발했다. 바이오⋅의료 스타트업 지원 기관인 서울바이오허브에서 타이로스코프의 박재민 대표, 문재훈 CTO를 만났다. 문 CTO는 분당서울대병원 내과 교수이기도 하다.2022년 중앙암등록본부에 따르면 지난 한 해 동안 국내에서 가장 많이 발생한 암은 갑상샘암(갑상선암)이다. 갑상샘암은 진행 속도가 느리고 예후가 좋은 편이라 ‘착한 암’이라는 건 알고 있지만 늦게 발견하면 다른 암과 마찬가지로 진행 속도가 빨라 위험성이 커질 수 있다. 특히 갑상샘 기능은 문제가 발생했을 때 초기 증상이 피로, 체중 변화, 불안 등이다. 일상에서 알아차리기 힘들어 더욱 주의해야 한다. 이미 갑상샘 기능 이상으로 판명된 환자에게 사소해 보이는 이런 증상은 커다란 스트레스다. 몸에 작은 변화만 생겨도 갑상샘 이상 여부를 알기 위해 병원을 찾아 혈액검사를 받는 방법밖에 없기 때문이다. 이로 인한 비용과 시간, 정신적인 스트레스 등 모든 것이 환자에게는 부담이다. 특히 혈액검사를 하지 않는 시기엔 막연한 불안과 걱정이 지속된다. 스타트업 타이로스코프는 이를 해결하기 위해 환자의 심박수 수치와 갑상샘 호르몬 농도 간의 상관성을 밝혀내고 혈액검사 없이 갑상샘 상태를 간편하게 확인·관리하는 모바일 앱 ‘글랜디(Glandy)’와 ‘건강할샘’을 개발했다. 바이오·의료 스타트업 지원 기관인 서울바이오허브에서 타이로스코프의 박재민 대표, 문재훈 최고기술경영자(CTO)를 만났다. 문 CTO는 분당서울대병원 내분비내과 교수이기도 하다. ―‘글랜디’와 ‘건강할샘’에 대해 소개해달라. “글랜디와 건강할샘은 갑상샘 관리를 위한 ‘스마트 질환 관리 통합 솔루션’이다. 먼저, 글랜디는 누구나 내려받아 사용할 수 있는 자가 관리 앱이다. 스마트워치로 수집되는 심박수를 연동하면 갑상샘 기능 이상 위험도를 스스로 관리할 수 있다. 또 환자가 직접 찍은 셀카 사진을 분석해 갑상샘 기능 이상 중 하나인 안구 돌출(안병증) 여부도 알 수 있다. 그 외 복약 관리, 전문 의료진 칼럼, 환우들과 소통할 수 있는 커뮤니티 등 다양한 기능으로 효과적인 자가 관리를 돕는다.”(박 대표) “건강할샘은 국내 최초 갑상샘 전문 병·의원 전용 앱으로 의료기관의 전자 차트와 연동된다는 점이 특징이다. 병원에서 실시한 혈액검사 및 호르몬 검사 결과가 자동으로 건강할샘에 전송되므로 수치의 변화를 그래프로 한눈에 볼 수 있고 항목별 결괏값도 쉽게 확인할 수 있다. 또 주치의의 코멘트 기능, 질환 관리 시 궁금증에 대한 일대일 문의 기능도 있어 의료진과 환자 모두 만족도를 높일 수 있다는 장점이 있다.”(문 CTO) ―갑상샘 환자들에게 반가운 제품이다. 어떻게 만들게 됐나? “제가 갑상샘기능항진증 환자이자 갑상샘 질환을 전문으로 진료하는 의사이기 때문에 자연스럽게 관련 연구를 시작했다. 대학병원 의사니까 증상이 의심될 때마다 언제든 검사를 하고, 결과도 금방 확인할 수 있었는데 어느 순간 그조차 너무 번거롭게 느껴졌다. 또 갑상샘 기능 이상을 진단받은 환자에게 주로 발병하는 안병증은 뒤늦게 진단받는 경우가 대부분이었다. 뒤늦게 안병증으로 고생하는 환자를 접하면서 해결책이 필요하다고 생각했다.”(문 CTO) ―갑상샘 기능과 심박수 관계는 어떻게 밝혀냈나? 이진한 의사·기자“일상 속에서 쉽게 구할 수 있는 웨어러블 기기인 스마트워치를 활용해 연구를 시작했다. 갑상샘기능항진증 환자와 저하증 환자들에게 스마트워치를 제공해 착용하게 했고 한 달에 한 번 주기로 혈액검사를 실시했다. 치료가 진행되면서 환자의 갑상샘 호르몬 수치는 점점 정상으로 돌아왔는데 그 과정에서 웨어러블 기기를 통해 측정한 심박수가 마커로써 활용될 수 있는지 4년간 연구했다.”(문 CTO) ―향후 계획은? “타이로스코프의 갑상샘 기능 이상 예측 모니터링 솔루션과 갑상샘 안병증 모니터링 솔루션은 모두 세계 최초로 개발된 기술이다. 현재 국내 식품의약품안전처에서 허가 절차를 진행하고 있고, 미국에서도 허가를 기다리고 있다. 아직까지 국내 의료기기 회사 중에 세계 최초로 제품을 개발해 미국 식품의약품(FDA)에 등록한 사례는 없기 때문에 사명감과 자부심을 가지고 열심히 하나씩 준비하고 있다. 특허 역시 더욱 철저히 관리할 계획이다. 현재까지 한국, 미국, 일본, 유럽, 중국 등 5개 지역에서 총 65건 정도의 특허를 출원했고 올 연말까지 30건 정도를 추가 등록할 예정이다.”(박 대표)  이진한 의사·기자 likeday@donga.com
https://www.donga.com/news/Health/article/all/20230919/121248659/1;전립샘비대증의 고통… ‘워터젯’ 로봇 수술로 시원하게 날리세요 ;수면 중 잦은 요의를 느껴 잠을 설치게 되면 만성적인 피로에 시달릴 수 있다. 일상생활 중에도 자주 요의를 느끼거나 요주저, 약뇨, 잔뇨감 등의 증상이 지속된다면 생활에 많은 불편함을 느끼게 된다. 이러한 배뇨 장애 증상은 중장년층 남성에게서 주로 발병하는 전립샘비대증에 의해 유발될 수 있다. 전립샘비대증은 노화, 남성호르몬 등의 영향으로 전립샘이 비대해지면서 소변 길이 좁아져 각종 배뇨 장애를 일으키는 질환이다. 50대 이상 남성에게서 주로 나타나며 70대 이상 남성 대부분이 전립샘비대증을 앓고 있는 것으로 알려졌다. 하지만 일상생활이 불편할 정도의 배뇨 장애 증상에도 정작 적극적인 치료를 받는 이들은 적다. 단순한 노화 현상으로 여겨 방치하거나 치료에 따른 부작용이 걱정돼 치료를 망설이는 탓이다.  하지만 이러한 배뇨 장애를 방치하면 급성 요폐, 방광 결석, 신장 기능 저하 등의 합병증을 유발할 수 있고 장기간 증상이 지속되면 우울감, 불안감 등의 심리적인 증상까지 나타날 수 있다. 이에 증상으로 인한 불편함을 느낀다면 병원에 내원해 정확한 검사를 받고 적절한 시기에 치료를 시작하는 것이 좋다.  전립샘비대증 치료 방법에는 약물 치료, 수술 치료 방법 등이 있다. 하지만 약물 치료는 복용을 시작하면 평생 복용해야 한다는 점에서 부담이 될 수 있다. 이에 최근에는 ‘워터젯을 이용한 경요도적 전립샘 절제술’을 비롯해 유로리프트, 홀렙 수술 등 다양한 치료 방법을 사용하고 있다.  워터젯을 이용한 경요도적 전립샘 절제술은 고속 멸균 식염수로 비대해진 전립샘 조직을 제거하는 방법으로 로봇 시스템을 활용한다. 환자의 해부학적 구조에 맞춰 치료 영역 수술 지도를 지정하면 로봇으로 제어되는 워터젯이 분사돼 지정된 제거 부위를 절제하는 방식으로 진행된다. 이에 전립샘 로봇 수술 아쿠아블레이션을 고려하는 환자들이 많아지고 있다.  워터젯을 이용한 경요도적 전립샘 절제술, 즉 아쿠아블레이션 로봇 수술은 컴퓨팅 시스템을 통해 신경, 혈관 등을 피해 비대해진 전립샘 조직만 정확하게 제거하므로 꼭 필요한 기능적 조직은 보존할 수 있다. 이에 따라 전통적 방법의 경요도적 전립샘 절제술(TURP), 홀뮴 레이저를 이용한 전립샘 적출술(HOLEP)보다 성기능 장애, 발기부전, 요실금과 같은 부작용은 적으며 뛰어난 배뇨 장애 개선 효과를 볼 수 있다.  초음파로 전립샘 모양과 지혈 상태 등 수술 부위를 실시간으로 관찰하며 진행해 더욱 안전하다. 고수압의 식염수 분사 방식으로 열에너지가 발생하지 않아 요도 및 방광 경부 협착 등의 부작용도 적으며 수술 시간과 회복 기간도 짧아 환자 부담이 적다. 이에 기존 방식의 전립샘 절제술이 불가능했던 기저질환자나 고령 환자에게 치료 대안으로 추천된다.  김도리 스탠탑 비뇨의학과 대표원장은 “워터젯을 이용한 경요도적 전립샘 절제술은 다양한 모양과 크기의 전립샘에 적용할 수 있으며 부작용은 적으면서 우수한 치료 효과를 볼 수 있어 재시술률도 낮다”라며 “시술 경험이 풍부한 숙련된 의료진에게 현재 상태를 정확히 진단받고 그에 따른 치료를 진행하는 것이 중요하다”고 조언했다.  스탠탑 비뇨의학과 의원은 2021∼2022년 전립샘 결찰술(유로리프트) 시술 건수를 국내에서 가장 많이 보유한 의료기관으로 최근에는 무열(無熱) 워터젯 활용 로봇 수술 장비인 아쿠아블레이션을 추가 도입해 가장 이른 시간에 전립샘 로봇 수술 300건을 달성한 바 있다.  김 원장은 “워터젯을 이용한 경요도적 전립샘 절제술은 2021년 12월 보건복지부로부터 전립샘비대증 치료 분야 신의료 기술로 인정받은 바 있으며 미국 식품의약국(FDA) 및 보건복지부, 한국 식품의약품안전처에서 2022년 시행한 신의료 기술 평가에서 안전성과 유효성을 인정받았다”며 “요실금 및 성기능 장애, 발기부전 등의 합병증이 거의 보고되지 않아 다른 수술법보다 상대적으로 부작용이 적으며 치료 효과도 우수하다”라고 설명했다.  또한 “홀렙 수술, 전립샘 결찰술, 워터젯을 이용한 경요도적 전립샘 절제술은 각각의 수술 방법마다 장점을 가지고 있으며 각 특장점을 잘 활용해 환자의 병증과 요구에 맞는 수술법을 선택해 적용하는 것이 중요하다”라고 조언했다. 황해선 기자 hhs2552@donga.com
https://www.donga.com/news/Health/article/all/20230919/121248483/1;[알립니다]톡투건강에서 ‘신경병증성 통증’ 제대로 알아보세요 ;동아일보 건강 토크쇼 ‘톡투건강’이 25일 오후 2시 포스코타워 역삼 이벤트홀 3층에서 진행됩니다. 가톨릭대학교 성빈센트병원 내분비내과 윤재승 교수와 함께 본보 이진한 기자가 신경병증성 통증의 심각성과 예방 및 조기 진단, 적극적인 치료의 중요성에 대해 꼭 필요한 정보를 전달할 예정입니다. 전 세계 인구 약 10명 중 1명이 겪고 있는 신경병증성 통증은 초기부터 자신의 통증을 잘 알아차리고 전문의와의 자세한 소통을 통한 예방 및 관리가 중요합니다. 건강 강좌는 약 50분간 진행되며 선착순으로 참가자를 모집합니다. 문의 전화(02-6352-8220) 또는 QR코드로 사전 참가 신청을 할 수 있고, 사전 신청을 하지 않더라도 현장 입장이 가능합니다. 자세한 사항은 동아일보 ‘톡투건강TV’ 유튜브 채널 커뮤니티에서 확인할 수 있습니다. 신경병증성 통증 환자는 물론 통증에 관심이 있는 누구나 참여할 수 있습니다. 독자 여러분의 많은 관심과 참여를 바랍니다.● 일시: 9월 25일(월) 오후 2시● 장소: 포스코타워 역삼 이벤트홀 3층 (서울 강남구 테헤란로 134)● 연사: 가톨릭대학교 성빈센트병원 내분비내과 윤재승 교수● 진행: 동아일보 이진한 의학전문기자● 참가 신청: 신경병증성 통증에 관심 있는 누구나
https://www.donga.com/news/Health/article/all/20230919/121248312/1;당신, 잘 쉬고 있나요? ;《휴식이 필요함을 알고는 있는데 막상 쉬려고 하니 불안하다. 아무것도 안 하고 있다는 것에 대한 남들의 시선도 두렵다. 생각보다 제대로 쉬지 못하는 직장인이 많다. 다양한 현실적인 이유로 휴식이 필요하다는 신호를 무시한 채 자신을 채찍질하며 강행군 중인 사람들이다.》불안 장애 유발하는 ‘스트레스’제대로 쉬지 못하면 번아웃, 불안 장애, 우울증과 같은 증상이 나타날 수 있다. 최근 5년(2017∼2021년)간 우울증과 불안 장애에 대한 건강보험심사평가원 통계 분석 결과를 살펴보면 불안 장애 환자 수는 2017년 65만3694명에서 2021년 86만5108명으로 32.3%(연평균 7.3%) 늘어났다. 작년 9월 재단법인 청년재단은 총 5425명을 대상으로 ‘2030 청년의 불안과 우울감, 번아웃’ 지수를 확인하는 설문 조사를 진행한 바 있다. ‘최근 1년간 불안감을 느낀 적이 있습니까?’라는 질문에 응답자 5425명 중 91.5%(4963명)가 ‘있다’고 답했다. ‘불안을 느낄 때 가장 많이 나타나는 증상은 무엇입니까?’라는 질문에는 50.6%(1위)가 ‘불안감을 느낄 때 우울감이 함께 나타난다’고 답했다. 번아웃 테스트(1∼5점 체크)에서는 많은 청년이 높은 번아웃 지수를 가지고 있는 것으로 나타났다. 응답자 5425명 중 △55∼64점 31.1%(1687명) △45∼54점 25.4%(1377명) △65점 이상도 24.8%(1345명)로 나타났다. 40점 이하 낮은 번아웃 지수로 응답한 비율은 17.7%(960명)에 그쳤다. 불안 장애를 겪으면 소화불량, 식욕 저하, 불면증, 집중력 등의 증상이 나타난다. 정신 질환적인 불안증은 잠을 설치고 공황장애처럼 이유 없이 식은땀을 흘리고 갑자기 불안한 기분을 느낀다. 발작 증상과 함께 가슴이 벌렁벌렁하고 숨쉬기가 힘들다. 이러한 증상은 우리 몸이 스트레스에 적응하기 위한 반응으로 볼 수 있다. 사람의 몸은 스트레스를 받으면 적응하기 위해 스테로이드계 스트레스성 호르몬이 분비되고 아드레날린 같은 자율신경계를 항진시키는 호르몬이 분비된다. 스트레스가 과도하거나 만성적으로 지속될 때는 이러한 적응 메커니즘 균형이 깨지게 된다. 스트레스를 받는 상황에서뿐만 아니라 안정해야 할 상황에서도 호르몬의 분비가 일어나 쉴 때 쉬지 못하는 상황이 발생한다. 불안 증세가 점점 더 심각해지면 합리적 사고를 할 수 없게 되는 것은 물론 자제가 불가능하게 된다. 이는 스트레스가 일정 수준을 넘으면 몸이 변해 우리의 이성이 바른 판단을 하려고 해도 몸이 이미 이성과 다른 방식으로 반응하기 때문이다. 정신과적으로는 이러한 상태를 ‘자기 통제력 상실’이라고 표현한다. 불안증에 걸리면 개인적인 정신 건강에 좋지 않은 것은 물론 직장 생활에도 해가 된다. 대인 관계 기피로 인해 협업이 이뤄지지 않고 중요한 일일수록 손에 더 잘 잡히지 않는 등의 증상이 나타난다. 불안 장애를 유발하는 큰 이유 중의 하나는 스트레스다. 이명수 연세라이프 정신건강의학과 의원 원장은 “병원에 오는 많은 환자가 직장에서의 스트레스로 힘들어한다”라며 “스트레스 발생 요인은 크게 두 가지가 있는데 하나는 업무, 다른 하나는 직장 내 관계 문제”라고 말했다. 업무로 인한 스트레스는 업무 난도나 과도한 업무량이 문제일 수 있다. 또는 두 가지 모두 해당하기도 한다. 일이 바쁘고 어려우면 자기도 모르게 예민해지기 때문에 주변 사람들의 감정을 충분히 배려하지 못하면서 날 선 말들이 오갈 가능성이 커지기 때문에 관계와 업무는 밀접한 관계가 있다.불안을 줄이려면 예측 불가능성을 낮춰야업무 스트레스 지수를 측정하는 방식 중에는 ‘직무 긴장도’가 있다. 요구받는 직무의 양, 그 직무에 대한 본인의 결정권(직무 자립도)을 입체적이고 여러모로 측정·평가하는 방식이다. 직무 요구도가 높고 직무 자립도가 낮은 경우를 ‘고 긴장 집단’이라고 부르는데 고 긴장 집단은 우울증 등 정신 질환에 걸릴 가능성이 크다고 알려져 있다. 반대로 직무 요구도는 낮으면서 자립도가 높다면 상대적으로 스트레스를 덜 받게 된다. 스트레스의 본질을 여러 가지로 이야기할 수 있겠지만 가장 중요한 것은 ‘예측 불가능성’이다. 이 원장은 “업무가 많고 힘들어도 예측할 수 있다면 스트레스 지수는 그나마 낮아질 수 있다”고 강조한다. 같은 업무를 요구받더라도 그것이 내가 예측했던 일이라면 스트레스의 강도가 낮아질 수 있다는 것이다. 예상치 못한 기습 펀치는 나를 기절시킬 수 있지만 예측한 상태에서 상대의 공격은 어느 정도 방어할 수 있기 때문이다. 이 원장은 “주말을 정리하면서 30분 정도 예측의 시간을 가져보거나 출근하면서 10분 정도 예측하는 시간을 가져보는 것이 좋다”고 조언한다. 생각만 해도 마음이 무거워지고 불안과 긴장이 엄습해 올 수 있겠지만 능동적으로 대하는 것이 불안 장애를 극복하는 데 도움이 된다는 것. 직장은 변수로 가득 차 있지만 할 수 있는 선에서 예측 불가능성을 최소화하고 예측 가능성을 최대한 높이는 것이 스트레스를 관리할 수 있는 방법이다.온전한 쉼은 ‘자기 결정권’에 있다쉼은 마음을 편안하게 만들어 피로를 해소하고 다시 일상으로 돌아갈 힘을 준다. 하지만 현실은 그리 만만하지 않다. 업무의 성격에 따라 달라질 수 있겠지만 퇴근하거나 휴가를 간다고 일에서 완전히 자유로워지기는 쉽지 않다. 쉼은 육체적으로 일을 안 하는 것일 수도 있고 정신적으로 현실의 고민에서 빠져나오는 것일 수도 있다. 이 원장은 “쉼이 가지고 있는 근본적인 힘은 자기 결정권”에 있다고 말한다. 일하지 않는 것, 또는 운동이나 레저 활동 등의 결정 권한이 나에게 있다는 것이다. 아이를 위해서 놀이공원에 가는 것은 일하는 것은 아니지만 혹시 어쩔 수 없이 해야 하는 것이라면 자기 결정권적 관점에서는 또 다른 형태의 노동이 될 수 있다. 반면에 객관적으로 보기에는 일이지만 그것이 온전히 자신의 의지와 동기에 의해 이뤄지게 될 때, 그 일에는 쉼적인 요소가 있기도 하다. 이 원장은 “쉼이란 하고 싶은 것을 하는 것을 말한다”라며 “온전한 휴식을 위해서는 하고 싶은 것과 해야 하는 것을 구분해야 한다”고 말한다. 스트레스 해소를 위해 선택한 운동도 하고 싶은 것에서 해야 하는 것으로 변하는 순간, 쉼이 아니라 노동이 된다. 때로는 하고 싶은 것을 그냥 하고 싶은 것으로 놔둘 수 있는 현명함이 필요하다. ※ 도움 문헌: 이명수 원장의 ‘내 마음을 알고 싶은 날의 우울해방일지’홍은심 기자 hongeunsim@donga.com
